Date,Workout Name,Exercise Name,Set Order,lb,Reps,mi,Seconds
2016-09-05 13:04:16,"A1","Bench Press",1,115.0,4,0.0,0
2016-09-05 13:04:16,"A1","Bench Press",2,115.0,4,0.0,0
2016-09-05 13:04:16,"A1","Bench Press",3,115.0,4,0.0,0
2016-09-05 13:04:16,"A1","Bench Press",4,115.0,4,0.0,0
2016-09-05 13:04:16,"A1","Front Squat",1,95.0,8,0.0,0
2016-09-05 13:04:16,"A1","Front Squat",2,95.0,8,0.0,0
2016-09-05 13:04:16,"A1","Front Squat",3,95.0,8,0.0,0
2016-09-05 13:04:16,"A1","Front Squat",4,95.0,8,0.0,0
2016-09-05 13:04:16,"A1","Military Press",1,65.0,8,0.0,0
2016-09-05 13:04:16,"A1","Military Press",2,65.0,8,0.0,0
2016-09-05 13:04:16,"A1","Military Press",3,65.0,8,0.0,0
2016-09-05 13:04:16,"A1","Military Press",4,65.0,8,0.0,0
2016-09-05 13:04:16,"A1","Chin Up",1,0.0,8,0.0,0
2016-09-05 13:04:16,"A1","Chin Up",2,0.0,7,0.0,0
2016-09-05 13:04:16,"A1","Chin Up",3,0.0,4,0.0,0
2016-09-05 13:04:16,"A1","Chin Up",4,0.0,4,0.0,0
2016-09-07 12:30:03,"A2","Bench Press",1,115.0,8,0.0,0
2016-09-07 12:30:03,"A2","Bench Press",2,115.0,8,0.0,0
2016-09-07 12:30:03,"A2","Bench Press",3,115.0,8,0.0,0
2016-09-07 12:30:03,"A2","Bench Press",4,115.0,8,0.0,0
2016-09-07 12:30:03,"A2","Deadlift",1,135.0,4,0.0,0
2016-09-07 12:30:03,"A2","Deadlift",2,135.0,4,0.0,0
2016-09-07 12:30:03,"A2","Deadlift",3,135.0,4,0.0,0
2016-09-07 12:30:03,"A2","Deadlift",4,135.0,4,0.0,0
2016-09-07 12:30:03,"A2","Military Press",1,85.0,4,0.0,0
2016-09-07 12:30:03,"A2","Military Press",2,85.0,4,0.0,0
2016-09-07 12:30:03,"A2","Military Press",3,85.0,4,0.0,0
2016-09-07 12:30:03,"A2","Military Press",4,85.0,4,0.0,0
2016-09-07 12:30:03,"A2","Pendlay Row",1,95.0,8,0.0,0
2016-09-07 12:30:03,"A2","Pendlay Row",2,95.0,8,0.0,0
2016-09-07 12:30:03,"A2","Pendlay Row",3,95.0,8,0.0,0
2016-09-07 12:30:03,"A2","Pendlay Row",4,95.0,8,0.0,0
2016-09-09 13:12:29,"A3","Bench Press",1,115.0,4,0.0,0
2016-09-09 13:12:29,"A3","Bench Press",2,115.0,4,0.0,0
2016-09-09 13:12:29,"A3","Bench Press",3,115.0,4,0.0,0
2016-09-09 13:12:29,"A3","Bench Press",4,115.0,8,0.0,0
2016-09-09 13:12:29,"A3","Front Squat",1,95.0,4,0.0,0
2016-09-09 13:12:29,"A3","Front Squat",2,95.0,4,0.0,0
2016-09-09 13:12:29,"A3","Front Squat",3,95.0,4,0.0,0
2016-09-09 13:12:29,"A3","Front Squat",4,95.0,8,0.0,0
2016-09-09 13:12:29,"A3","Military Press",1,85.0,8,0.0,0
2016-09-09 13:12:29,"A3","Military Press",2,85.0,8,0.0,0
2016-09-09 13:12:29,"A3","Military Press",3,85.0,8,0.0,0
2016-09-09 13:12:29,"A3","Military Press",4,85.0,8,0.0,0
2016-09-09 13:12:29,"A3","Chin Up",1,0.0,4,0.0,0
2016-09-09 13:12:29,"A3","Chin Up",2,0.0,4,0.0,0
2016-09-09 13:12:29,"A3","Chin Up",3,0.0,4,0.0,0
2016-09-09 13:12:29,"A3","Chin Up",4,0.0,4,0.0,0
2016-09-12 11:43:38,"B1","Bench Press",1,115.0,8,0.0,0
2016-09-12 11:43:38,"B1","Bench Press",2,115.0,8,0.0,0
2016-09-12 11:43:38,"B1","Bench Press",3,115.0,8,0.0,0
2016-09-12 11:43:38,"B1","Bench Press",4,115.0,8,0.0,0
2016-09-12 11:43:38,"B1","Deadlift",1,165.0,8,0.0,0
2016-09-12 11:43:38,"B1","Deadlift",2,165.0,8,0.0,0
2016-09-12 11:43:38,"B1","Deadlift",3,165.0,8,0.0,0
2016-09-12 11:43:38,"B1","Deadlift",4,165.0,8,0.0,0
2016-09-12 11:43:38,"B1","Military Press",1,100.0,4,0.0,0
2016-09-12 11:43:38,"B1","Military Press",2,100.0,4,0.0,0
2016-09-12 11:43:38,"B1","Military Press",3,100.0,4,0.0,0
2016-09-12 11:43:38,"B1","Military Press",4,100.0,4,0.0,0
2016-09-12 11:43:38,"B1","Pendlay Row",1,115.0,4,0.0,0
2016-09-12 11:43:38,"B1","Pendlay Row",2,115.0,4,0.0,0
2016-09-12 11:43:38,"B1","Pendlay Row",3,115.0,4,0.0,0
2016-09-12 11:43:38,"B1","Pendlay Row",4,115.0,4,0.0,0
2016-09-14 13:20:27,"B2","Bench Press",1,125.0,4,0.0,0
2016-09-14 13:20:27,"B2","Bench Press",2,125.0,4,0.0,0
2016-09-14 13:20:27,"B2","Bench Press",3,125.0,4,0.0,0
2016-09-14 13:20:27,"B2","Bench Press",4,125.0,4,0.0,0
2016-09-14 13:20:27,"B2","Front Squat",1,95.0,8,0.0,0
2016-09-14 13:20:27,"B2","Front Squat",2,95.0,8,0.0,0
2016-09-14 13:20:27,"B2","Front Squat",3,95.0,8,0.0,0
2016-09-14 13:20:27,"B2","Front Squat",4,95.0,8,0.0,0
2016-09-14 13:20:27,"B2","Military Press",1,95.0,8,0.0,0
2016-09-14 13:20:27,"B2","Military Press",2,95.0,7,0.0,0
2016-09-14 13:20:27,"B2","Military Press",3,95.0,3,0.0,0
2016-09-14 13:20:27,"B2","Military Press",4,95.0,3,0.0,0
2016-09-14 13:20:27,"B2","Chin Up",1,0.0,7,0.0,0
2016-09-14 13:20:27,"B2","Chin Up",2,0.0,5,0.0,0
2016-09-14 13:20:27,"B2","Chin Up",3,0.0,4,0.0,0
2016-09-14 13:20:27,"B2","Chin Up",4,0.0,4,0.0,0
2016-09-16 11:59:02,"B3","Bench Press",1,115.0,8,0.0,0
2016-09-16 11:59:02,"B3","Bench Press",2,115.0,8,0.0,0
2016-09-16 11:59:02,"B3","Bench Press",3,115.0,8,0.0,0
2016-09-16 11:59:02,"B3","Bench Press",4,115.0,8,0.0,0
2016-09-16 11:59:02,"B3","Deadlift",1,185.0,4,0.0,0
2016-09-16 11:59:02,"B3","Deadlift",2,185.0,4,0.0,0
2016-09-16 11:59:02,"B3","Deadlift",3,185.0,4,0.0,0
2016-09-16 11:59:02,"B3","Deadlift",4,185.0,8,0.0,0
2016-09-16 11:59:02,"B3","Military Press",1,95.0,4,0.0,0
2016-09-16 11:59:02,"B3","Military Press",2,95.0,4,0.0,0
2016-09-16 11:59:02,"B3","Military Press",3,95.0,4,0.0,0
2016-09-16 11:59:02,"B3","Military Press",4,95.0,5,0.0,0
2016-09-16 11:59:02,"B3","Pendlay Row",1,105.0,8,0.0,0
2016-09-16 11:59:02,"B3","Pendlay Row",2,105.0,8,0.0,0
2016-09-16 11:59:02,"B3","Pendlay Row",3,105.0,8,0.0,0
2016-09-16 11:59:02,"B3","Pendlay Row",4,105.0,8,0.0,0
2016-09-19 12:04:37,"A1","Bench Press",1,135.0,4,0.0,0
2016-09-19 12:04:37,"A1","Bench Press",2,135.0,4,0.0,0
2016-09-19 12:04:37,"A1","Bench Press",3,135.0,4,0.0,0
2016-09-19 12:04:37,"A1","Bench Press",4,135.0,4,0.0,0
2016-09-19 12:04:37,"A1","Front Squat",1,115.0,8,0.0,0
2016-09-19 12:04:37,"A1","Front Squat",2,115.0,6,0.0,0
2016-09-19 12:04:37,"A1","Front Squat",3,115.0,5,0.0,0
2016-09-19 12:04:37,"A1","Front Squat",4,115.0,6,0.0,0
2016-09-19 12:04:37,"A1","Military Press",1,90.0,8,0.0,0
2016-09-19 12:04:37,"A1","Military Press",2,90.0,8,0.0,0
2016-09-19 12:04:37,"A1","Military Press",3,90.0,8,0.0,0
2016-09-19 12:04:37,"A1","Military Press",4,90.0,3,0.0,0
2016-09-19 12:04:37,"A1","Chin Up",1,0.0,4,0.0,0
2016-09-19 12:04:37,"A1","Chin Up",2,0.0,4,0.0,0
2016-09-19 12:04:37,"A1","Chin Up",3,0.0,4,0.0,0
2016-09-19 12:04:37,"A1","Chin Up",4,0.0,4,0.0,0
2016-09-21 12:15:14,"A2","Bench Press",1,125.0,8,0.0,0
2016-09-21 12:15:14,"A2","Bench Press",2,125.0,8,0.0,0
2016-09-21 12:15:14,"A2","Bench Press",3,125.0,8,0.0,0
2016-09-21 12:15:14,"A2","Bench Press",4,125.0,8,0.0,0
2016-09-21 12:15:14,"A2","Deadlift",1,215.0,4,0.0,0
2016-09-21 12:15:14,"A2","Deadlift",2,215.0,4,0.0,0
2016-09-21 12:15:14,"A2","Deadlift",3,215.0,4,0.0,0
2016-09-21 12:15:14,"A2","Deadlift",4,215.0,4,0.0,0
2016-09-21 12:15:14,"A2","Military Press",1,100.0,4,0.0,0
2016-09-21 12:15:14,"A2","Military Press",2,100.0,4,0.0,0
2016-09-21 12:15:14,"A2","Military Press",3,100.0,4,0.0,0
2016-09-21 12:15:14,"A2","Military Press",4,100.0,4,0.0,0
2016-09-21 12:15:14,"A2","Pendlay Row",1,115.0,6,0.0,0
2016-09-21 12:15:14,"A2","Pendlay Row",2,115.0,7,0.0,0
2016-09-21 12:15:14,"A2","Pendlay Row",3,115.0,6,0.0,0
2016-09-21 12:15:14,"A2","Pendlay Row",4,115.0,5,0.0,0
2016-09-23 10:40:03,"A3","Bench Press",1,135.0,4,0.0,0
2016-09-23 10:40:03,"A3","Bench Press",2,135.0,4,0.0,0
2016-09-23 10:40:03,"A3","Bench Press",3,135.0,4,0.0,0
2016-09-23 10:40:03,"A3","Bench Press",4,135.0,8,0.0,0
2016-09-23 10:40:03,"A3","Front Squat",1,130.0,4,0.0,0
2016-09-23 10:40:03,"A3","Front Squat",2,130.0,4,0.0,0
2016-09-23 10:40:03,"A3","Front Squat",3,130.0,4,0.0,0
2016-09-23 10:40:03,"A3","Front Squat",4,130.0,8,0.0,0
2016-09-23 10:40:03,"A3","Military Press",1,90.0,8,0.0,0
2016-09-23 10:40:03,"A3","Military Press",2,90.0,7,0.0,0
2016-09-23 10:40:03,"A3","Military Press",3,90.0,3,0.0,0
2016-09-23 10:40:03,"A3","Military Press",4,90.0,4,0.0,0
2016-09-23 10:40:03,"A3","Chin Up",1,0.0,4,0.0,0
2016-09-23 10:40:03,"A3","Chin Up",2,0.0,4,0.0,0
2016-09-23 10:40:03,"A3","Chin Up",3,0.0,4,0.0,0
2016-09-23 10:40:03,"A3","Chin Up",4,0.0,4,0.0,0
2016-09-26 11:52:19,"B1","Bench Press",1,140.0,8,0.0,0
2016-09-26 11:52:19,"B1","Bench Press",2,140.0,8,0.0,0
2016-09-26 11:52:19,"B1","Bench Press",3,140.0,8,0.0,0
2016-09-26 11:52:19,"B1","Bench Press",4,140.0,8,0.0,0
2016-09-26 11:52:19,"B1","Deadlift",1,205.0,7,0.0,0
2016-09-26 11:52:19,"B1","Deadlift",2,205.0,8,0.0,0
2016-09-26 11:52:19,"B1","Deadlift",3,205.0,8,0.0,0
2016-09-26 11:52:19,"B1","Deadlift",4,205.0,8,0.0,0
2016-09-26 11:52:19,"B1","Military Press",1,105.0,4,0.0,0
2016-09-26 11:52:19,"B1","Military Press",2,105.0,4,0.0,0
2016-09-26 11:52:19,"B1","Military Press",3,105.0,4,0.0,0
2016-09-26 11:52:19,"B1","Military Press",4,105.0,4,0.0,0
2016-09-26 11:52:19,"B1","Pendlay Row",1,125.0,4,0.0,0
2016-09-26 11:52:19,"B1","Pendlay Row",2,125.0,4,0.0,0
2016-09-26 11:52:19,"B1","Pendlay Row",3,125.0,4,0.0,0
2016-09-26 11:52:19,"B1","Pendlay Row",4,125.0,4,0.0,0
2016-09-28 11:13:43,"B2","Bench Press",1,155.0,4,0.0,0
2016-09-28 11:13:43,"B2","Bench Press",2,155.0,4,0.0,0
2016-09-28 11:13:43,"B2","Bench Press",3,155.0,4,0.0,0
2016-09-28 11:13:43,"B2","Bench Press",4,155.0,4,0.0,0
2016-09-28 11:13:43,"B2","Front Squat",1,160.0,2,0.0,0
2016-09-28 11:13:43,"B2","Front Squat",2,160.0,2,0.0,0
2016-09-28 11:13:43,"B2","Front Squat",3,160.0,2,0.0,0
2016-09-28 11:13:43,"B2","Front Squat",4,160.0,2,0.0,0
2016-09-28 11:13:43,"B2","Military Press",1,90.0,8,0.0,0
2016-09-28 11:13:43,"B2","Military Press",2,90.0,8,0.0,0
2016-09-28 11:13:43,"B2","Military Press",3,90.0,8,0.0,0
2016-09-28 11:13:43,"B2","Military Press",4,90.0,8,0.0,0
2016-09-28 11:13:43,"B2","Chin Up",1,0.0,4,0.0,0
2016-09-28 11:13:43,"B2","Chin Up",2,0.0,4,0.0,0
2016-09-28 11:13:43,"B2","Chin Up",3,0.0,4,0.0,0
2016-09-28 11:13:43,"B2","Chin Up",4,0.0,4,0.0,0
2016-09-30 12:26:33,"B3","Bench Press",1,140.0,8,0.0,0
2016-09-30 12:26:33,"B3","Bench Press",2,140.0,8,0.0,0
2016-09-30 12:26:33,"B3","Bench Press",3,140.0,8,0.0,0
2016-09-30 12:26:33,"B3","Bench Press",4,140.0,8,0.0,0
2016-09-30 12:26:33,"B3","Deadlift",1,225.0,4,0.0,0
2016-09-30 12:26:33,"B3","Deadlift",2,225.0,4,0.0,0
2016-09-30 12:26:33,"B3","Deadlift",3,225.0,4,0.0,0
2016-09-30 12:26:33,"B3","Deadlift",4,225.0,8,0.0,0
2016-09-30 12:26:33,"B3","Military Press",1,100.0,4,0.0,0
2016-09-30 12:26:33,"B3","Military Press",2,100.0,4,0.0,0
2016-09-30 12:26:33,"B3","Military Press",3,100.0,4,0.0,0
2016-09-30 12:26:33,"B3","Military Press",4,100.0,8,0.0,0
2016-09-30 12:26:33,"B3","Pendlay Row",1,115.0,6,0.0,0
2016-09-30 12:26:33,"B3","Pendlay Row",2,115.0,6,0.0,0
2016-09-30 12:26:33,"B3","Pendlay Row",3,115.0,5,0.0,0
2016-09-30 12:26:33,"B3","Pendlay Row",4,115.0,5,0.0,0
2016-10-03 12:26:32,"A1","Bench Press",1,165.0,4,0.0,0
2016-10-03 12:26:32,"A1","Bench Press",2,165.0,4,0.0,0
2016-10-03 12:26:32,"A1","Bench Press",3,165.0,4,0.0,0
2016-10-03 12:26:32,"A1","Bench Press",4,165.0,4,0.0,0
2016-10-03 12:26:32,"A1","Front Squat",1,135.0,4,0.0,0
2016-10-03 12:26:32,"A1","Front Squat",2,135.0,4,0.0,0
2016-10-03 12:26:32,"A1","Front Squat",3,135.0,6,0.0,0
2016-10-03 12:26:32,"A1","Front Squat",4,135.0,4,0.0,0
2016-10-03 12:26:32,"A1","Military Press",1,95.0,5,0.0,0
2016-10-03 12:26:32,"A1","Military Press",2,95.0,4,0.0,0
2016-10-03 12:26:32,"A1","Military Press",3,95.0,5,0.0,0
2016-10-03 12:26:32,"A1","Military Press",4,95.0,4,0.0,0
2016-10-03 12:26:32,"A1","Chin Up",1,0.0,7,0.0,0
2016-10-03 12:26:32,"A1","Chin Up",2,0.0,5,0.0,0
2016-10-03 12:26:32,"A1","Chin Up",3,0.0,4,0.0,0
2016-10-03 12:26:32,"A1","Chin Up",4,0.0,3,0.0,0
2016-10-05 12:08:25,"A2","Bench Press",1,150.0,8,0.0,0
2016-10-05 12:08:25,"A2","Bench Press",2,150.0,8,0.0,0
2016-10-05 12:08:25,"A2","Bench Press",3,150.0,8,0.0,0
2016-10-05 12:08:25,"A2","Bench Press",4,150.0,7,0.0,0
2016-10-05 12:08:25,"A2","Deadlift",1,255.0,4,0.0,0
2016-10-05 12:08:25,"A2","Deadlift",2,255.0,4,0.0,0
2016-10-05 12:08:25,"A2","Deadlift",3,255.0,4,0.0,0
2016-10-05 12:08:25,"A2","Deadlift",4,255.0,4,0.0,0
2016-10-05 12:08:25,"A2","Military Press",1,105.0,4,0.0,0
2016-10-05 12:08:25,"A2","Military Press",2,105.0,4,0.0,0
2016-10-05 12:08:25,"A2","Military Press",3,105.0,4,0.0,0
2016-10-05 12:08:25,"A2","Military Press",4,105.0,4,0.0,0
2016-10-05 12:08:25,"A2","Pendlay Row",1,115.0,6,0.0,0
2016-10-05 12:08:25,"A2","Pendlay Row",2,115.0,8,0.0,0
2016-10-05 12:08:25,"A2","Pendlay Row",3,115.0,7,0.0,0
2016-10-05 12:08:25,"A2","Pendlay Row",4,115.0,6,0.0,0
2016-10-07 12:53:53,"A3","Bench Press",1,165.0,4,0.0,0
2016-10-07 12:53:53,"A3","Bench Press",2,165.0,4,0.0,0
2016-10-07 12:53:53,"A3","Bench Press",3,165.0,4,0.0,0
2016-10-07 12:53:53,"A3","Bench Press",4,165.0,8,0.0,0
2016-10-07 12:53:53,"A3","Front Squat",1,135.0,4,0.0,0
2016-10-07 12:53:53,"A3","Front Squat",2,135.0,4,0.0,0
2016-10-07 12:53:53,"A3","Front Squat",3,135.0,4,0.0,0
2016-10-07 12:53:53,"A3","Front Squat",4,135.0,5,0.0,0
2016-10-07 12:53:53,"A3","Military Press",1,95.0,6,0.0,0
2016-10-07 12:53:53,"A3","Military Press",2,95.0,6,0.0,0
2016-10-07 12:53:53,"A3","Military Press",3,95.0,6,0.0,0
2016-10-07 12:53:53,"A3","Military Press",4,95.0,4,0.0,0
2016-10-07 12:53:53,"A3","Chin Up",1,0.0,4,0.0,0
2016-10-07 12:53:53,"A3","Chin Up",2,0.0,4,0.0,0
2016-10-07 12:53:53,"A3","Chin Up",3,0.0,4,0.0,0
2016-10-07 12:53:53,"A3","Chin Up",4,0.0,4,0.0,0
2016-10-10 14:05:33,"B1","Bench Press",1,155.0,8,0.0,0
2016-10-10 14:05:33,"B1","Bench Press",2,155.0,8,0.0,0
2016-10-10 14:05:33,"B1","Bench Press",3,155.0,7,0.0,0
2016-10-10 14:05:33,"B1","Bench Press",4,155.0,6,0.0,0
2016-10-10 14:05:33,"B1","Deadlift",1,225.0,5,0.0,0
2016-10-10 14:05:33,"B1","Deadlift",2,225.0,8,0.0,0
2016-10-10 14:05:33,"B1","Deadlift",3,225.0,5,0.0,0
2016-10-10 14:05:33,"B1","Deadlift",4,255.0,4,0.0,0
2016-10-10 14:05:33,"B1","Military Press",1,110.0,4,0.0,0
2016-10-10 14:05:33,"B1","Military Press",2,110.0,4,0.0,0
2016-10-10 14:05:33,"B1","Military Press",3,110.0,4,0.0,0
2016-10-10 14:05:33,"B1","Military Press",4,110.0,4,0.0,0
2016-10-10 14:05:33,"B1","Pendlay Row",1,125.0,4,0.0,0
2016-10-10 14:05:33,"B1","Pendlay Row",2,125.0,4,0.0,0
2016-10-10 14:05:33,"B1","Pendlay Row",3,125.0,4,0.0,0
2016-10-10 14:05:33,"B1","Pendlay Row",4,125.0,4,0.0,0
2016-10-12 12:16:11,"B2","Bench Press",1,175.0,4,0.0,0
2016-10-12 12:16:11,"B2","Bench Press",2,175.0,4,0.0,0
2016-10-12 12:16:11,"B2","Bench Press",3,175.0,4,0.0,0
2016-10-12 12:16:11,"B2","Bench Press",4,175.0,4,0.0,0
2016-10-12 12:16:11,"B2","Front Squat",1,135.0,4,0.0,0
2016-10-12 12:16:11,"B2","Front Squat",2,135.0,5,0.0,0
2016-10-12 12:16:11,"B2","Front Squat",3,135.0,4,0.0,0
2016-10-12 12:16:11,"B2","Front Squat",4,135.0,4,0.0,0
2016-10-12 12:16:11,"B2","Military Press",1,95.0,8,0.0,0
2016-10-12 12:16:11,"B2","Military Press",2,95.0,8,0.0,0
2016-10-12 12:16:11,"B2","Military Press",3,95.0,8,0.0,0
2016-10-12 12:16:11,"B2","Military Press",4,95.0,7,0.0,0
2016-10-12 12:16:11,"B2","Chin Up",1,0.0,4,0.0,0
2016-10-12 12:16:11,"B2","Chin Up",2,0.0,4,0.0,0
2016-10-12 12:16:11,"B2","Chin Up",3,0.0,4,0.0,0
2016-10-12 12:16:11,"B2","Chin Up",4,0.0,4,0.0,0
2016-10-14 12:11:15,"B3","Bench Press",1,155.0,8,0.0,0
2016-10-14 12:11:15,"B3","Bench Press",2,155.0,8,0.0,0
2016-10-14 12:11:15,"B3","Bench Press",3,155.0,8,0.0,0
2016-10-14 12:11:15,"B3","Bench Press",4,155.0,8,0.0,0
2016-10-14 12:11:15,"B3","Deadlift",1,265.0,4,0.0,0
2016-10-14 12:11:15,"B3","Deadlift",2,265.0,4,0.0,0
2016-10-14 12:11:15,"B3","Deadlift",3,265.0,4,0.0,0
2016-10-14 12:11:15,"B3","Deadlift",4,265.0,4,0.0,0
2016-10-14 12:11:15,"B3","Military Press",1,110.0,4,0.0,0
2016-10-14 12:11:15,"B3","Military Press",2,110.0,4,0.0,0
2016-10-14 12:11:15,"B3","Military Press",3,110.0,4,0.0,0
2016-10-14 12:11:15,"B3","Military Press",4,110.0,5,0.0,0
2016-10-14 12:11:15,"B3","Pendlay Row",1,115.0,8,0.0,0
2016-10-14 12:11:15,"B3","Pendlay Row",2,115.0,8,0.0,0
2016-10-14 12:11:15,"B3","Pendlay Row",3,115.0,8,0.0,0
2016-10-14 12:11:15,"B3","Pendlay Row",4,115.0,8,0.0,0
2016-10-17 13:14:32,"A1","Bench Press",1,185.0,4,0.0,0
2016-10-17 13:14:32,"A1","Bench Press",2,185.0,3,0.0,0
2016-10-17 13:14:32,"A1","Bench Press",3,185.0,3,0.0,0
2016-10-17 13:14:32,"A1","Bench Press",4,185.0,3,0.0,0
2016-10-17 13:14:32,"A1","Front Squat",1,135.0,4,0.0,0
2016-10-17 13:14:32,"A1","Front Squat",2,135.0,4,0.0,0
2016-10-17 13:14:32,"A1","Front Squat",3,135.0,4,0.0,0
2016-10-17 13:14:32,"A1","Front Squat",4,135.0,4,0.0,0
2016-10-17 13:14:32,"A1","Military Press",1,95.0,8,0.0,0
2016-10-17 13:14:32,"A1","Military Press",2,95.0,8,0.0,0
2016-10-17 13:14:32,"A1","Military Press",3,95.0,8,0.0,0
2016-10-17 13:14:32,"A1","Military Press",4,95.0,7,0.0,0
2016-10-17 13:14:32,"A1","Chin Up",1,0.0,3,0.0,0
2016-10-17 13:14:32,"A1","Chin Up",2,0.0,4,0.0,0
2016-10-17 13:14:32,"A1","Chin Up",3,0.0,4,0.0,0
2016-10-17 13:14:32,"A1","Chin Up",4,0.0,4,0.0,0
2016-10-20 13:33:56,"A2","Bench Press",1,165.0,5,0.0,0
2016-10-20 13:33:56,"A2","Bench Press",2,165.0,6,0.0,0
2016-10-20 13:33:56,"A2","Bench Press",3,165.0,5,0.0,0
2016-10-20 13:33:56,"A2","Bench Press",4,165.0,5,0.0,0
2016-10-20 13:33:56,"A2","Deadlift",1,225.0,4,0.0,0
2016-10-20 13:33:56,"A2","Deadlift",2,245.0,4,0.0,0
2016-10-20 13:33:56,"A2","Deadlift",3,255.0,4,0.0,0
2016-10-20 13:33:56,"A2","Deadlift",4,265.0,4,0.0,0
2016-10-20 13:33:56,"A2","Military Press",1,115.0,3,0.0,0
2016-10-20 13:33:56,"A2","Military Press",2,115.0,3,0.0,0
2016-10-20 13:33:56,"A2","Military Press",3,115.0,3,0.0,0
2016-10-20 13:33:56,"A2","Military Press",4,115.0,1,0.0,0
2016-10-20 13:33:56,"A2","Pendlay Row",1,125.0,8,0.0,0
2016-10-20 13:33:56,"A2","Pendlay Row",2,125.0,8,0.0,0
2016-10-20 13:33:56,"A2","Pendlay Row",3,125.0,8,0.0,0
2016-10-20 13:33:56,"A2","Pendlay Row",4,125.0,6,0.0,0
2016-10-22 13:44:28,"A3","Bench Press",1,185.0,4,0.0,0
2016-10-22 13:44:28,"A3","Bench Press",2,185.0,4,0.0,0
2016-10-22 13:44:28,"A3","Bench Press",3,185.0,4,0.0,0
2016-10-22 13:44:28,"A3","Bench Press",4,185.0,4,0.0,0
2016-10-22 13:44:28,"A3","Front Squat",1,150.0,4,0.0,0
2016-10-22 13:44:28,"A3","Front Squat",2,150.0,4,0.0,0
2016-10-22 13:44:28,"A3","Front Squat",3,150.0,4,0.0,0
2016-10-22 13:44:28,"A3","Front Squat",4,150.0,4,0.0,0
2016-10-22 13:44:28,"A3","Military Press",1,95.0,8,0.0,0
2016-10-22 13:44:28,"A3","Military Press",2,95.0,8,0.0,0
2016-10-22 13:44:28,"A3","Military Press",3,95.0,6,0.0,0
2016-10-22 13:44:28,"A3","Military Press",4,95.0,4,0.0,0
2016-10-22 13:44:28,"A3","Chin Up",1,0.0,4,0.0,0
2016-10-22 13:44:28,"A3","Chin Up",2,0.0,4,0.0,0
2016-10-22 13:44:28,"A3","Chin Up",3,0.0,5,0.0,0
2016-10-22 13:44:28,"A3","Chin Up",4,0.0,4,0.0,0
2016-10-24 13:50:06,"B1","Bench Press",1,165.0,8,0.0,0
2016-10-24 13:50:06,"B1","Bench Press",2,165.0,8,0.0,0
2016-10-24 13:50:06,"B1","Bench Press",3,165.0,6,0.0,0
2016-10-24 13:50:06,"B1","Bench Press",4,165.0,5,0.0,0
2016-10-24 13:50:06,"B1","Deadlift",1,225.0,4,0.0,0
2016-10-24 13:50:06,"B1","Deadlift",2,225.0,5,0.0,0
2016-10-24 13:50:06,"B1","Deadlift",3,225.0,5,0.0,0
2016-10-24 13:50:06,"B1","Deadlift",4,225.0,5,0.0,0
2016-10-24 13:50:06,"B1","Military Press",1,115.0,3,0.0,0
2016-10-24 13:50:06,"B1","Military Press",2,115.0,4,0.0,0
2016-10-24 13:50:06,"B1","Military Press",3,115.0,3,0.0,0
2016-10-24 13:50:06,"B1","Military Press",4,115.0,2,0.0,0
2016-10-24 13:50:06,"B1","Pendlay Row",1,135.0,4,0.0,0
2016-10-24 13:50:06,"B1","Pendlay Row",2,135.0,4,0.0,0
2016-10-24 13:50:06,"B1","Pendlay Row",3,135.0,4,0.0,0
2016-10-24 13:50:06,"B1","Pendlay Row",4,135.0,4,0.0,0
2016-10-26 19:57:55,"B2","Bench Press",1,195.0,3,0.0,0
2016-10-26 19:57:55,"B2","Bench Press",2,195.0,2,0.0,0
2016-10-26 19:57:55,"B2","Bench Press",3,195.0,4,0.0,0
2016-10-26 19:57:55,"B2","Bench Press",4,195.0,2,0.0,0
2016-10-26 19:57:55,"B2","Front Squat",1,135.0,6,0.0,0
2016-10-26 19:57:55,"B2","Front Squat",2,135.0,7,0.0,0
2016-10-26 19:57:55,"B2","Front Squat",3,135.0,6,0.0,0
2016-10-26 19:57:55,"B2","Front Squat",4,135.0,6,0.0,0
2016-10-26 19:57:55,"B2","Military Press",1,95.0,6,0.0,0
2016-10-26 19:57:55,"B2","Military Press",2,95.0,8,0.0,0
2016-10-26 19:57:55,"B2","Military Press",3,95.0,7,0.0,0
2016-10-26 19:57:55,"B2","Military Press",4,95.0,7,0.0,0
2016-10-26 19:57:55,"B2","Chin Up",1,0.0,4,0.0,0
2016-10-26 19:57:55,"B2","Chin Up",2,0.0,4,0.0,0
2016-10-26 19:57:55,"B2","Chin Up",3,0.0,4,0.0,0
2016-10-26 19:57:55,"B2","Chin Up",4,0.0,4,0.0,0
2016-11-02 12:33:17,"B3","Bench Press",1,155.0,8,0.0,0
2016-11-02 12:33:17,"B3","Bench Press",2,155.0,8,0.0,0
2016-11-02 12:33:17,"B3","Bench Press",3,155.0,8,0.0,0
2016-11-02 12:33:17,"B3","Bench Press",4,155.0,7,0.0,0
2016-11-02 12:33:17,"B3","Deadlift",1,225.0,4,0.0,0
2016-11-02 12:33:17,"B3","Deadlift",2,245.0,4,0.0,0
2016-11-02 12:33:17,"B3","Deadlift",3,265.0,4,0.0,0
2016-11-02 12:33:17,"B3","Deadlift",4,245.0,4,0.0,0
2016-11-02 12:33:17,"B3","Military Press",1,95.0,4,0.0,0
2016-11-02 12:33:17,"B3","Military Press",2,100.0,4,0.0,0
2016-11-02 12:33:17,"B3","Military Press",3,105.0,4,0.0,0
2016-11-02 12:33:17,"B3","Military Press",4,105.0,3,0.0,0
2016-11-02 12:33:17,"B3","Pendlay Row",1,95.0,8,0.0,0
2016-11-02 12:33:17,"B3","Pendlay Row",2,115.0,8,0.0,0
2016-11-02 12:33:17,"B3","Pendlay Row",3,115.0,7,0.0,0
2016-11-02 12:33:17,"B3","Pendlay Row",4,115.0,7,0.0,0
2016-11-04 13:00:56,"A1","Bench Press",1,175.0,3,0.0,0
2016-11-04 13:00:56,"A1","Bench Press",2,175.0,4,0.0,0
2016-11-04 13:00:56,"A1","Bench Press",3,175.0,4,0.0,0
2016-11-04 13:00:56,"A1","Bench Press",4,175.0,4,0.0,0
2016-11-04 13:00:56,"A1","Front Squat",1,135.0,3,0.0,0
2016-11-04 13:00:56,"A1","Front Squat",2,135.0,3,0.0,0
2016-11-04 13:00:56,"A1","Front Squat",3,135.0,4,0.0,0
2016-11-04 13:00:56,"A1","Front Squat",4,135.0,4,0.0,0
2016-11-04 13:00:56,"A1","Military Press",1,95.0,6,0.0,0
2016-11-04 13:00:56,"A1","Military Press",2,95.0,6,0.0,0
2016-11-04 13:00:56,"A1","Military Press",3,95.0,6,0.0,0
2016-11-04 13:00:56,"A1","Military Press",4,95.0,4,0.0,0
2016-11-04 13:00:56,"A1","Chin Up",1,0.0,4,0.0,0
2016-11-04 13:00:56,"A1","Chin Up",2,0.0,4,0.0,0
2016-11-04 13:00:56,"A1","Chin Up",3,0.0,2,0.0,0
2016-11-04 13:00:56,"A1","Chin Up",4,0.0,3,0.0,0
2016-11-07 12:58:36,"A2","Bench Press",1,165.0,6,0.0,0
2016-11-07 12:58:36,"A2","Bench Press",2,165.0,6,0.0,0
2016-11-07 12:58:36,"A2","Bench Press",3,165.0,5,0.0,0
2016-11-07 12:58:36,"A2","Bench Press",4,165.0,5,0.0,0
2016-11-07 12:58:36,"A2","Deadlift",1,265.0,4,0.0,0
2016-11-07 12:58:36,"A2","Deadlift",2,265.0,4,0.0,0
2016-11-07 12:58:36,"A2","Deadlift",3,265.0,4,0.0,0
2016-11-07 12:58:36,"A2","Deadlift",4,265.0,4,0.0,0
2016-11-07 12:58:36,"A2","Military Press",1,105.0,4,0.0,0
2016-11-07 12:58:36,"A2","Military Press",2,105.0,4,0.0,0
2016-11-07 12:58:36,"A2","Military Press",3,105.0,4,0.0,0
2016-11-07 12:58:36,"A2","Military Press",4,105.0,4,0.0,0
2016-11-07 12:58:36,"A2","Pendlay Row",1,115.0,5,0.0,0
2016-11-07 12:58:36,"A2","Pendlay Row",2,115.0,6,0.0,0
2016-11-07 12:58:36,"A2","Pendlay Row",3,115.0,6,0.0,0
2016-11-07 12:58:36,"A2","Pendlay Row",4,115.0,6,0.0,0
2016-11-09 11:41:23,"A3","Bench Press",1,175.0,4,0.0,0
2016-11-09 11:41:23,"A3","Bench Press",2,175.0,4,0.0,0
2016-11-09 11:41:23,"A3","Bench Press",3,175.0,4,0.0,0
2016-11-09 11:41:23,"A3","Bench Press",4,175.0,4,0.0,0
2016-11-09 11:41:23,"A3","Front Squat",1,135.0,4,0.0,0
2016-11-09 11:41:23,"A3","Front Squat",2,145.0,4,0.0,0
2016-11-09 11:41:23,"A3","Front Squat",3,145.0,4,0.0,0
2016-11-09 11:41:23,"A3","Front Squat",4,145.0,4,0.0,0
2016-11-09 11:41:23,"A3","Military Press",1,95.0,8,0.0,0
2016-11-09 11:41:23,"A3","Military Press",2,95.0,8,0.0,0
2016-11-09 11:41:23,"A3","Military Press",3,95.0,8,0.0,0
2016-11-09 11:41:23,"A3","Military Press",4,95.0,4,0.0,0
2016-11-09 11:41:23,"A3","Chin Up",1,0.0,4,0.0,0
2016-11-09 11:41:23,"A3","Chin Up",2,0.0,4,0.0,0
2016-11-09 11:41:23,"A3","Chin Up",3,0.0,4,0.0,0
2016-11-09 11:41:23,"A3","Chin Up",4,0.0,4,0.0,0
2016-11-11 12:00:09,"B1","Bench Press",1,165.0,8,0.0,0
2016-11-11 12:00:09,"B1","Bench Press",2,165.0,8,0.0,0
2016-11-11 12:00:09,"B1","Bench Press",3,165.0,8,0.0,0
2016-11-11 12:00:09,"B1","Bench Press",4,165.0,8,0.0,0
2016-11-11 12:00:09,"B1","Deadlift",1,225.0,6,0.0,0
2016-11-11 12:00:09,"B1","Deadlift",2,225.0,6,0.0,0
2016-11-11 12:00:09,"B1","Deadlift",3,225.0,6,0.0,0
2016-11-11 12:00:09,"B1","Deadlift",4,225.0,7,0.0,0
2016-11-11 12:00:09,"B1","Military Press",1,110.0,4,0.0,0
2016-11-11 12:00:09,"B1","Military Press",2,110.0,4,0.0,0
2016-11-11 12:00:09,"B1","Military Press",3,110.0,4,0.0,0
2016-11-11 12:00:09,"B1","Military Press",4,110.0,4,0.0,0
2016-11-11 12:00:09,"B1","Pendlay Row",1,135.0,4,0.0,0
2016-11-11 12:00:09,"B1","Pendlay Row",2,135.0,4,0.0,0
2016-11-11 12:00:09,"B1","Pendlay Row",3,135.0,4,0.0,0
2016-11-11 12:00:09,"B1","Pendlay Row",4,135.0,4,0.0,0
2016-11-14 13:40:12,"B2","Bench Press",1,185.0,4,0.0,0
2016-11-14 13:40:12,"B2","Bench Press",2,185.0,4,0.0,0
2016-11-14 13:40:12,"B2","Bench Press",3,185.0,4,0.0,0
2016-11-14 13:40:12,"B2","Bench Press",4,185.0,3,0.0,0
2016-11-14 13:40:12,"B2","Front Squat",1,135.0,6,0.0,0
2016-11-14 13:40:12,"B2","Front Squat",2,135.0,4,0.0,0
2016-11-14 13:40:12,"B2","Front Squat",3,135.0,6,0.0,0
2016-11-14 13:40:12,"B2","Front Squat",4,135.0,4,0.0,0
2016-11-14 13:40:12,"B2","Military Press",1,95.0,8,0.0,0
2016-11-14 13:40:12,"B2","Military Press",2,95.0,8,0.0,0
2016-11-14 13:40:12,"B2","Military Press",3,95.0,2,0.0,0
2016-11-14 13:40:12,"B2","Military Press",4,95.0,4,0.0,0
2016-11-14 13:40:12,"B2","Chin Up",1,0.0,2,0.0,0
2016-11-14 13:40:12,"B2","Chin Up",2,0.0,2,0.0,0
2016-11-14 13:40:12,"B2","Chin Up",3,0.0,3,0.0,0
2016-11-14 13:40:12,"B2","Chin Up",4,0.0,2,0.0,0
2016-11-16 13:35:06,"B3","Bench Press",1,170.0,8,0.0,0
2016-11-16 13:35:06,"B3","Bench Press",2,170.0,8,0.0,0
2016-11-16 13:35:06,"B3","Bench Press",3,170.0,5,0.0,0
2016-11-16 13:35:06,"B3","Bench Press",4,170.0,6,0.0,0
2016-11-16 13:35:06,"B3","Deadlift",1,275.0,4,0.0,0
2016-11-16 13:35:06,"B3","Deadlift",2,275.0,4,0.0,0
2016-11-16 13:35:06,"B3","Deadlift",3,275.0,4,0.0,0
2016-11-16 13:35:06,"B3","Deadlift",4,275.0,4,0.0,0
2016-11-16 13:35:06,"B3","Military Press",1,115.0,4,0.0,0
2016-11-16 13:35:06,"B3","Military Press",2,115.0,4,0.0,0
2016-11-16 13:35:06,"B3","Military Press",3,115.0,4,0.0,0
2016-11-16 13:35:06,"B3","Military Press",4,115.0,4,0.0,0
2016-11-16 13:35:06,"B3","Pendlay Row",1,95.0,8,0.0,0
2016-11-16 13:35:06,"B3","Pendlay Row",2,115.0,8,0.0,0
2016-11-16 13:35:06,"B3","Pendlay Row",3,115.0,8,0.0,0
2016-11-16 13:35:06,"B3","Pendlay Row",4,115.0,8,0.0,0
2016-11-18 12:11:53,"A1","Bench Press",1,185.0,4,0.0,0
2016-11-18 12:11:53,"A1","Bench Press",2,185.0,4,0.0,0
2016-11-18 12:11:53,"A1","Bench Press",3,185.0,4,0.0,0
2016-11-18 12:11:53,"A1","Bench Press",4,185.0,4,0.0,0
2016-11-18 12:11:53,"A1","Front Squat",1,135.0,6,0.0,0
2016-11-18 12:11:53,"A1","Front Squat",2,135.0,6,0.0,0
2016-11-18 12:11:53,"A1","Front Squat",3,135.0,6,0.0,0
2016-11-18 12:11:53,"A1","Front Squat",4,135.0,6,0.0,0
2016-11-18 12:11:53,"A1","Military Press",1,95.0,8,0.0,0
2016-11-18 12:11:53,"A1","Military Press",2,95.0,8,0.0,0
2016-11-18 12:11:53,"A1","Military Press",3,95.0,8,0.0,0
2016-11-18 12:11:53,"A1","Military Press",4,95.0,8,0.0,0
2016-11-18 12:11:53,"A1","Chin Up",1,0.0,3,0.0,0
2016-11-18 12:11:53,"A1","Chin Up",2,0.0,4,0.0,0
2016-11-18 12:11:53,"A1","Chin Up",3,0.0,4,0.0,0
2016-11-18 12:11:53,"A1","Chin Up",4,0.0,3,0.0,0
2016-11-21 08:33:14,"A2","Bench Press",1,170.0,8,0.0,0
2016-11-21 08:33:14,"A2","Bench Press",2,170.0,8,0.0,0
2016-11-21 08:33:14,"A2","Bench Press",3,170.0,8,0.0,0
2016-11-21 08:33:14,"A2","Bench Press",4,170.0,7,0.0,0
2016-11-21 08:33:14,"A2","Deadlift",1,275.0,4,0.0,0
2016-11-21 08:33:14,"A2","Deadlift",2,275.0,4,0.0,0
2016-11-21 08:33:14,"A2","Deadlift",3,275.0,4,0.0,0
2016-11-21 08:33:14,"A2","Deadlift",4,272.0,4,0.0,0
2016-11-21 08:33:14,"A2","Military Press",1,120.0,4,0.0,0
2016-11-21 08:33:14,"A2","Military Press",2,120.0,3,0.0,0
2016-11-21 08:33:14,"A2","Military Press",3,115.0,3,0.0,0
2016-11-21 08:33:14,"A2","Military Press",4,115.0,4,0.0,0
2016-11-21 08:33:14,"A2","Pendlay Row",1,125.0,6,0.0,0
2016-11-21 08:33:14,"A2","Pendlay Row",2,125.0,6,0.0,0
2016-11-21 08:33:14,"A2","Pendlay Row",3,125.0,6,0.0,0
2016-11-21 08:33:14,"A2","Pendlay Row",4,125.0,7,0.0,0
2016-11-23 07:18:12,"A3","Bench Press",1,195.0,4,0.0,0
2016-11-23 07:18:12,"A3","Bench Press",2,200.0,2,0.0,0
2016-11-23 07:18:12,"A3","Bench Press",3,195.0,2,0.0,0
2016-11-23 07:18:12,"A3","Bench Press",4,195.0,2,0.0,0
2016-11-23 07:18:12,"A3","Front Squat",1,155.0,4,0.0,0
2016-11-23 07:18:12,"A3","Front Squat",2,155.0,4,0.0,0
2016-11-23 07:18:12,"A3","Front Squat",3,155.0,4,0.0,0
2016-11-23 07:18:12,"A3","Front Squat",4,155.0,4,0.0,0
2016-11-23 07:18:12,"A3","Military Press",1,100.0,8,0.0,0
2016-11-23 07:18:12,"A3","Military Press",2,100.0,8,0.0,0
2016-11-23 07:18:12,"A3","Military Press",3,100.0,8,0.0,0
2016-11-23 07:18:12,"A3","Military Press",4,100.0,6,0.0,0
2016-11-23 07:18:12,"A3","Chin Up",1,0.0,4,0.0,0
2016-11-23 07:18:12,"A3","Chin Up",2,0.0,4,0.0,0
2016-11-23 07:18:12,"A3","Chin Up",3,0.0,3,0.0,0
2016-11-23 07:18:12,"A3","Chin Up",4,0.0,2,0.0,0
2016-11-25 09:26:49,"B1","Bench Press",1,170.0,8,0.0,0
2016-11-25 09:26:49,"B1","Bench Press",2,170.0,8,0.0,0
2016-11-25 09:26:49,"B1","Bench Press",3,170.0,8,0.0,0
2016-11-25 09:26:49,"B1","Bench Press",4,170.0,5,0.0,0
2016-11-25 09:26:49,"B1","Deadlift",1,225.0,8,0.0,0
2016-11-25 09:26:49,"B1","Deadlift",2,225.0,8,0.0,0
2016-11-25 09:26:49,"B1","Deadlift",3,225.0,8,0.0,0
2016-11-25 09:26:49,"B1","Deadlift",4,225.0,8,0.0,0
2016-11-25 09:26:49,"B1","Military Press",1,120.0,3,0.0,0
2016-11-25 09:26:49,"B1","Military Press",2,115.0,3,0.0,0
2016-11-25 09:26:49,"B1","Military Press",3,110.0,4,0.0,0
2016-11-25 09:26:49,"B1","Military Press",4,110.0,4,0.0,0
2016-11-25 09:26:49,"B1","Pendlay Row",1,135.0,4,0.0,0
2016-11-25 09:26:49,"B1","Pendlay Row",2,135.0,4,0.0,0
2016-11-25 09:26:49,"B1","Pendlay Row",3,135.0,4,0.0,0
2016-11-25 09:26:49,"B1","Pendlay Row",4,135.0,4,0.0,0
2016-11-28 13:24:21,"B2","Bench Press",1,195.0,2,0.0,0
2016-11-28 13:24:21,"B2","Bench Press",2,195.0,2,0.0,0
2016-11-28 13:24:21,"B2","Bench Press",3,195.0,2,0.0,0
2016-11-28 13:24:21,"B2","Bench Press",4,195.0,2,0.0,0
2016-11-28 13:24:21,"B2","Front Squat",1,135.0,8,0.0,0
2016-11-28 13:24:21,"B2","Front Squat",2,135.0,6,0.0,0
2016-11-28 13:24:21,"B2","Front Squat",3,135.0,6,0.0,0
2016-11-28 13:24:21,"B2","Front Squat",4,135.0,4,0.0,0
2016-11-28 13:24:21,"B2","Military Press",1,100.0,8,0.0,0
2016-11-28 13:24:21,"B2","Military Press",2,100.0,8,0.0,0
2016-11-28 13:24:21,"B2","Military Press",3,100.0,6,0.0,0
2016-11-28 13:24:21,"B2","Military Press",4,100.0,4,0.0,0
2016-11-28 13:24:21,"B2","Chin Up",1,4.0,8,0.0,0
2016-11-28 13:24:21,"B2","Chin Up",2,6.0,8,0.0,0
2016-11-28 13:24:21,"B2","Chin Up",3,4.0,8,0.0,0
2016-11-28 13:24:21,"B2","Chin Up",4,4.0,8,0.0,0
2016-12-08 12:33:53,"B3","Bench Press",1,135.0,8,0.0,0
2016-12-08 12:33:53,"B3","Bench Press",2,145.0,8,0.0,0
2016-12-08 12:33:53,"B3","Bench Press",3,155.0,8,0.0,0
2016-12-08 12:33:53,"B3","Bench Press",4,165.0,8,0.0,0
2016-12-08 12:33:53,"B3","Deadlift",1,225.0,4,0.0,0
2016-12-08 12:33:53,"B3","Deadlift",2,245.0,4,0.0,0
2016-12-08 12:33:53,"B3","Deadlift",3,255.0,4,0.0,0
2016-12-08 12:33:53,"B3","Deadlift",4,255.0,4,0.0,0
2016-12-08 12:33:53,"B3","Military Press",1,95.0,4,0.0,0
2016-12-08 12:33:53,"B3","Military Press",2,100.0,4,0.0,0
2016-12-08 12:33:53,"B3","Military Press",3,105.0,4,0.0,0
2016-12-08 12:33:53,"B3","Military Press",4,110.0,4,0.0,0
2016-12-08 12:33:53,"B3","Pendlay Row",1,95.0,8,0.0,0
2016-12-08 12:33:53,"B3","Pendlay Row",2,105.0,8,0.0,0
2016-12-08 12:33:53,"B3","Pendlay Row",3,115.0,8,0.0,0
2016-12-08 12:33:53,"B3","Pendlay Row",4,115.0,8,0.0,0
2016-12-10 11:32:36,"A1","Bench Press",1,165.0,4,0.0,0
2016-12-10 11:32:36,"A1","Bench Press",2,175.0,4,0.0,0
2016-12-10 11:32:36,"A1","Bench Press",3,185.0,3,0.0,0
2016-12-10 11:32:36,"A1","Bench Press",4,185.0,3,0.0,0
2016-12-10 11:32:36,"A1","Front Squat",1,135.0,4,0.0,0
2016-12-10 11:32:36,"A1","Front Squat",2,135.0,4,0.0,0
2016-12-10 11:32:36,"A1","Front Squat",3,135.0,4,0.0,0
2016-12-10 11:32:36,"A1","Front Squat",4,135.0,4,0.0,0
2016-12-10 11:32:36,"A1","Military Press",1,95.0,8,0.0,0
2016-12-10 11:32:36,"A1","Military Press",2,95.0,8,0.0,0
2016-12-10 11:32:36,"A1","Military Press",3,95.0,5,0.0,0
2016-12-10 11:32:36,"A1","Military Press",4,95.0,4,0.0,0
2016-12-10 11:32:36,"A1","Chin Up",1,0.0,4,0.0,0
2016-12-10 11:32:36,"A1","Chin Up",2,0.0,4,0.0,0
2016-12-10 11:32:36,"A1","Chin Up",3,0.0,3,0.0,0
2016-12-10 11:32:36,"A1","Chin Up",4,0.0,2,0.0,0
2016-12-12 16:00:10,"A2","Bench Press",1,170.0,6,0.0,0
2016-12-12 16:00:10,"A2","Bench Press",2,170.0,6,0.0,0
2016-12-12 16:00:10,"A2","Bench Press",3,170.0,5,0.0,0
2016-12-12 16:00:10,"A2","Bench Press",4,170.0,4,0.0,0
2016-12-12 16:00:10,"A2","Deadlift",1,255.0,4,0.0,0
2016-12-12 16:00:10,"A2","Deadlift",2,255.0,4,0.0,0
2016-12-12 16:00:10,"A2","Deadlift",3,255.0,4,0.0,0
2016-12-12 16:00:10,"A2","Deadlift",4,255.0,4,0.0,0
2016-12-12 16:00:10,"A2","Military Press",1,110.0,4,0.0,0
2016-12-12 16:00:10,"A2","Military Press",2,110.0,4,0.0,0
2016-12-12 16:00:10,"A2","Military Press",3,110.0,4,0.0,0
2016-12-12 16:00:10,"A2","Military Press",4,110.0,4,0.0,0
2016-12-12 16:00:10,"A2","Pendlay Row",1,115.0,8,0.0,0
2016-12-12 16:00:10,"A2","Pendlay Row",2,115.0,8,0.0,0
2016-12-12 16:00:10,"A2","Pendlay Row",3,115.0,8,0.0,0
2016-12-12 16:00:10,"A2","Pendlay Row",4,115.0,8,0.0,0
2016-12-14 13:16:01,"A3","Bench Press",1,185.0,3,0.0,0
2016-12-14 13:16:01,"A3","Bench Press",2,185.0,3,0.0,0
2016-12-14 13:16:01,"A3","Bench Press",3,175.0,4,0.0,0
2016-12-14 13:16:01,"A3","Bench Press",4,175.0,4,0.0,0
2016-12-14 13:16:01,"A3","Front Squat",1,135.0,4,0.0,0
2016-12-14 13:16:01,"A3","Front Squat",2,145.0,4,0.0,0
2016-12-14 13:16:01,"A3","Front Squat",3,145.0,4,0.0,0
2016-12-14 13:16:01,"A3","Front Squat",4,145.0,4,0.0,0
2016-12-14 13:16:01,"A3","Military Press",1,95.0,7,0.0,0
2016-12-14 13:16:01,"A3","Military Press",2,85.0,8,0.0,0
2016-12-14 13:16:01,"A3","Military Press",3,85.0,4,0.0,0
2016-12-14 13:16:01,"A3","Chin Up",1,0.0,3,0.0,0
2016-12-14 13:16:01,"A3","Chin Up",2,0.0,3,0.0,0
2016-12-14 13:16:01,"A3","Chin Up",3,0.0,1,0.0,0
2016-12-18 11:44:12,"B1","Bench Press",1,155.0,8,0.0,0
2016-12-18 11:44:12,"B1","Bench Press",2,155.0,8,0.0,0
2016-12-18 11:44:12,"B1","Bench Press",3,165.0,8,0.0,0
2016-12-18 11:44:12,"B1","Bench Press",4,165.0,7,0.0,0
2016-12-18 11:44:12,"B1","Deadlift",1,275.0,4,0.0,0
2016-12-18 11:44:12,"B1","Deadlift",2,275.0,4,0.0,0
2016-12-18 11:44:12,"B1","Deadlift",3,275.0,4,0.0,0
2016-12-18 11:44:12,"B1","Deadlift",4,275.0,4,0.0,0
2016-12-18 11:44:12,"B1","Military Press",1,95.0,4,0.0,0
2016-12-18 11:44:12,"B1","Military Press",2,100.0,4,0.0,0
2016-12-18 11:44:12,"B1","Military Press",3,105.0,4,0.0,0
2016-12-18 11:44:12,"B1","Military Press",4,110.0,4,0.0,0
2016-12-20 12:18:33,"B2","Bench Press",1,175.0,4,0.0,0
2016-12-20 12:18:33,"B2","Bench Press",2,185.0,4,0.0,0
2016-12-20 12:18:33,"B2","Bench Press",3,185.0,4,0.0,0
2016-12-20 12:18:33,"B2","Bench Press",4,185.0,4,0.0,0
2016-12-20 12:18:33,"B2","Front Squat",1,155.0,4,0.0,0
2016-12-20 12:18:33,"B2","Front Squat",2,155.0,3,0.0,0
2016-12-20 12:18:33,"B2","Front Squat",3,145.0,4,0.0,0
2016-12-20 12:18:33,"B2","Front Squat",4,145.0,4,0.0,0
2016-12-20 12:18:33,"B2","Military Press",1,95.0,8,0.0,0
2016-12-20 12:18:33,"B2","Military Press",2,95.0,8,0.0,0
2016-12-20 12:18:33,"B2","Military Press",3,95.0,8,0.0,0
2016-12-20 12:18:33,"B2","Military Press",4,95.0,8,0.0,0
2016-12-22 12:48:06,"B3","Bench Press",1,165.0,8,0.0,0
2016-12-22 12:48:06,"B3","Bench Press",2,165.0,8,0.0,0
2016-12-22 12:48:06,"B3","Bench Press",3,165.0,8,0.0,0
2016-12-22 12:48:06,"B3","Bench Press",4,165.0,8,0.0,0
2016-12-22 12:48:06,"B3","Deadlift",1,225.0,4,0.0,0
2016-12-22 12:48:06,"B3","Deadlift",2,285.0,4,0.0,0
2016-12-22 12:48:06,"B3","Deadlift",3,0.28,4,0.0,0
2016-12-22 12:48:06,"B3","Deadlift",4,285.0,3,0.0,0
2016-12-22 12:48:06,"B3","Military Press",1,100.0,4,0.0,0
2016-12-22 12:48:06,"B3","Military Press",2,105.0,4,0.0,0
2016-12-22 12:48:06,"B3","Military Press",3,110.0,4,0.0,0
2016-12-22 12:48:06,"B3","Military Press",4,110.0,4,0.0,0
2016-12-22 12:48:06,"B3","Pendlay Row",1,115.0,8,0.0,0
2016-12-22 12:48:06,"B3","Pendlay Row",2,115.0,7,0.0,0
2016-12-22 12:48:06,"B3","Pendlay Row",3,95.0,8,0.0,0
2016-12-22 12:48:06,"B3","Pendlay Row",4,95.0,8,0.0,0
2016-12-24 12:21:00,"A1","Bench Press",1,185.0,4,0.0,0
2016-12-24 12:21:00,"A1","Bench Press",2,185.0,4,0.0,0
2016-12-24 12:21:00,"A1","Bench Press",3,185.0,4,0.0,0
2016-12-24 12:21:00,"A1","Bench Press",4,185.0,4,0.0,0
2016-12-24 12:21:00,"A1","Front Squat",1,135.0,8,0.0,0
2016-12-24 12:21:00,"A1","Front Squat",2,155.0,8,0.0,0
2016-12-24 12:21:00,"A1","Front Squat",3,175.0,6,0.0,0
2016-12-24 12:21:00,"A1","Front Squat",4,175.0,4,0.0,0
2016-12-26 11:40:59,"A2","Bench Press",1,170.0,8,0.0,0
2016-12-26 11:40:59,"A2","Bench Press",2,170.0,8,0.0,0
2016-12-26 11:40:59,"A2","Bench Press",3,170.0,8,0.0,0
2016-12-26 11:40:59,"A2","Bench Press",4,170.0,6,0.0,0
2016-12-26 11:40:59,"A2","Deadlift",1,225.0,4,0.0,0
2016-12-26 11:40:59,"A2","Deadlift",2,245.0,4,0.0,0
2016-12-26 11:40:59,"A2","Deadlift",3,265.0,4,0.0,0
2016-12-26 11:40:59,"A2","Deadlift",4,285.0,4,0.0,0
2016-12-26 11:40:59,"A2","Military Press",1,105.0,4,0.0,0
2016-12-26 11:40:59,"A2","Military Press",2,110.0,4,0.0,0
2016-12-26 11:40:59,"A2","Military Press",3,110.0,4,0.0,0
2016-12-26 11:40:59,"A2","Military Press",4,110.0,4,0.0,0
2016-12-26 11:40:59,"A2","Pendlay Row",1,35.0,12,0.0,0
2016-12-26 11:40:59,"A2","Pendlay Row",2,45.0,12,0.0,0
2016-12-26 11:40:59,"A2","Pendlay Row",3,55.0,12,0.0,0
2016-12-26 11:40:59,"A2","Pendlay Row",4,55.0,10,0.0,0
2016-12-28 15:12:51,"A3","Bench Press",1,190.0,3,0.0,0
2016-12-28 15:12:51,"A3","Bench Press",2,190.0,3,0.0,0
2016-12-28 15:12:51,"A3","Bench Press",3,185.0,4,0.0,0
2016-12-28 15:12:51,"A3","Bench Press",4,185.0,4,0.0,0
2016-12-28 15:12:51,"A3","Squat",1,185.0,4,0.0,0
2016-12-28 15:12:51,"A3","Squat",2,195.0,4,0.0,0
2016-12-28 15:12:51,"A3","Squat",3,195.0,4,0.0,0
2016-12-28 15:12:51,"A3","Squat",4,205.0,2,0.0,0
2016-12-28 15:12:51,"A3","Military Press",1,95.0,8,0.0,0
2016-12-28 15:12:51,"A3","Military Press",2,95.0,8,0.0,0
2016-12-28 15:12:51,"A3","Military Press",3,100.0,8,0.0,0
2016-12-28 15:12:51,"A3","Military Press",4,100.0,3,0.0,0
2016-12-28 15:12:51,"A3","Chin Up",1,70.0,10,0.0,0
2016-12-28 15:12:51,"A3","Chin Up",2,55.0,8,0.0,0
2016-12-28 15:12:51,"A3","Chin Up",3,55.0,6,0.0,0
2016-12-28 15:12:51,"A3","Chin Up",4,55.0,6,0.0,0
2016-12-30 12:37:07,"B1","Bench Press",1,170.0,8,0.0,0
2016-12-30 12:37:07,"B1","Bench Press",2,170.0,8,0.0,0
2016-12-30 12:37:07,"B1","Bench Press",3,170.0,8,0.0,0
2016-12-30 12:37:07,"B1","Bench Press",4,170.0,8,0.0,0
2016-12-30 12:37:07,"B1","Deadlift",1,235.0,8,0.0,0
2016-12-30 12:37:07,"B1","Deadlift",2,235.0,8,0.0,0
2016-12-30 12:37:07,"B1","Deadlift",3,235.0,8,0.0,0
2016-12-30 12:37:07,"B1","Deadlift",4,235.0,8,0.0,0
2017-01-02 15:15:20,"B2","Bench Press",1,185.0,4,0.0,0
2017-01-02 15:15:20,"B2","Bench Press",2,185.0,4,0.0,0
2017-01-02 15:15:20,"B2","Bench Press",3,190.0,4,0.0,0
2017-01-02 15:15:20,"B2","Bench Press",4,190.0,4,0.0,0
2017-01-02 15:15:20,"B2","Squat",1,135.0,8,0.0,0
2017-01-02 15:15:20,"B2","Squat",2,155.0,8,0.0,0
2017-01-02 15:15:20,"B2","Squat",3,175.0,8,0.0,0
2017-01-02 15:15:20,"B2","Squat",4,175.0,8,0.0,0
2017-01-02 15:15:20,"B2","Military Press",1,100.0,8,0.0,0
2017-01-02 15:15:20,"B2","Military Press",2,100.0,6,0.0,0
2017-01-02 15:15:20,"B2","Military Press",3,95.0,8,0.0,0
2017-01-02 15:15:20,"B2","Military Press",4,95.0,6,0.0,0
2017-01-02 15:15:20,"B2","Kroc Row",1,50.0,12,0.0,0
2017-01-02 15:15:20,"B2","Kroc Row",2,50.0,12,0.0,0
2017-01-02 15:15:20,"B2","Kroc Row",3,50.0,12,0.0,0
2017-01-02 15:15:20,"B2","Kroc Row",4,50.0,12,0.0,0
2017-01-04 13:25:06,"B3","Bench Press",1,175.0,8,0.0,0
2017-01-04 13:25:06,"B3","Bench Press",2,175.0,7,0.0,0
2017-01-04 13:25:06,"B3","Bench Press",3,175.0,6,0.0,0
2017-01-04 13:25:06,"B3","Bench Press",4,175.0,4,0.0,0
2017-01-04 13:25:06,"B3","Deadlift",1,245.0,4,0.0,0
2017-01-04 13:25:06,"B3","Deadlift",2,265.0,4,0.0,0
2017-01-04 13:25:06,"B3","Deadlift",3,285.0,4,0.0,0
2017-01-04 13:25:06,"B3","Deadlift",4,315.0,2,0.0,0
2017-01-04 13:25:06,"B3","Military Press",1,110.0,4,0.0,0
2017-01-04 13:25:06,"B3","Military Press",2,110.0,4,0.0,0
2017-01-04 13:25:06,"B3","Military Press",3,115.0,4,0.0,0
2017-01-04 13:25:06,"B3","Military Press",4,115.0,4,0.0,0
2017-01-06 19:43:51,"A1","Bench Press",1,165.0,8,0.0,0
2017-01-06 19:43:51,"A1","Bench Press",2,170.0,8,0.0,0
2017-01-06 19:43:51,"A1","Bench Press",3,175.0,8,0.0,0
2017-01-06 19:43:51,"A1","Bench Press",4,170.0,6,0.0,0
2017-01-06 19:43:51,"A1","Squat",1,185.0,4,0.0,0
2017-01-06 19:43:51,"A1","Squat",2,195.0,4,0.0,0
2017-01-06 19:43:51,"A1","Squat",3,205.0,4,0.0,0
2017-01-06 19:43:51,"A1","Squat",4,215.0,4,0.0,0
2017-01-06 19:43:51,"A1","Military Press",1,100.0,8,0.0,0
2017-01-06 19:43:51,"A1","Military Press",2,100.0,8,0.0,0
2017-01-06 19:43:51,"A1","Military Press",3,100.0,6,0.0,0
2017-01-06 19:43:51,"A1","Military Press",4,100.0,4,0.0,0
2017-01-08 12:32:56,"A2","Bench Press",1,175.0,8,0.0,0
2017-01-08 12:32:56,"A2","Bench Press",2,175.0,8,0.0,0
2017-01-08 12:32:56,"A2","Bench Press",3,175.0,7,0.0,0
2017-01-08 12:32:56,"A2","Bench Press",4,175.0,6,0.0,0
2017-01-08 12:32:56,"A2","Deadlift",1,275.0,4,0.0,0
2017-01-08 12:32:56,"A2","Deadlift",2,275.0,4,0.0,0
2017-01-08 12:32:56,"A2","Deadlift",3,295.0,4,0.0,0
2017-01-08 12:32:56,"A2","Deadlift",4,295.0,4,0.0,0
2017-01-08 12:32:56,"A2","Military Press",1,110.0,4,0.0,0
2017-01-08 12:32:56,"A2","Military Press",2,115.0,4,0.0,0
2017-01-08 12:32:56,"A2","Military Press",3,115.0,4,0.0,0
2017-01-08 12:32:56,"A2","Military Press",4,115.0,4,0.0,0
2017-01-10 11:56:54,"A3","Bench Press",1,190.0,4,0.0,0
2017-01-10 11:56:54,"A3","Bench Press",2,190.0,4,0.0,0
2017-01-10 11:56:54,"A3","Bench Press",3,190.0,4,0.0,0
2017-01-10 11:56:54,"A3","Bench Press",4,190.0,4,0.0,0
2017-01-10 11:56:54,"A3","Squat",1,195.0,4,0.0,0
2017-01-10 11:56:54,"A3","Squat",2,205.0,4,0.0,0
2017-01-10 11:56:54,"A3","Squat",3,195.0,4,0.0,0
2017-01-10 11:56:54,"A3","Squat",4,195.0,2,0.0,0
2017-01-10 11:56:54,"A3","Military Press",1,100.0,8,0.0,0
2017-01-10 11:56:54,"A3","Military Press",2,100.0,8,0.0,0
2017-01-10 11:56:54,"A3","Military Press",3,100.0,8,0.0,0
2017-01-10 11:56:54,"A3","Military Press",4,100.0,5,0.0,0
2017-01-12 12:57:11,"B1","Bench Press",1,175.0,8,0.0,0
2017-01-12 12:57:11,"B1","Bench Press",2,175.0,8,0.0,0
2017-01-12 12:57:11,"B1","Bench Press",3,175.0,8,0.0,0
2017-01-12 12:57:11,"B1","Bench Press",4,175.0,7,0.0,0
2017-01-12 12:57:11,"B1","Deadlift",1,225.0,8,0.0,0
2017-01-12 12:57:11,"B1","Deadlift",2,225.0,8,0.0,0
2017-01-12 12:57:11,"B1","Deadlift",3,225.0,8,0.0,0
2017-01-12 12:57:11,"B1","Deadlift",4,225.0,8,0.0,0
2017-01-12 12:57:11,"B1","Military Press",1,115.0,4,0.0,0
2017-01-12 12:57:11,"B1","Military Press",2,115.0,3,0.0,0
2017-01-12 12:57:11,"B1","Military Press",3,115.0,3,0.0,0
2017-01-12 12:57:11,"B1","Military Press",4,115.0,1,0.0,0
2017-01-14 16:38:03,"B2","Bench Press",1,195.0,4,0.0,0
2017-01-14 16:38:03,"B2","Bench Press",2,195.0,4,0.0,0
2017-01-14 16:38:03,"B2","Bench Press",3,195.0,3,0.0,0
2017-01-14 16:38:03,"B2","Bench Press",4,195.0,3,0.0,0
2017-01-14 16:38:03,"B2","Squat",1,175.0,8,0.0,0
2017-01-14 16:38:03,"B2","Squat",2,175.0,8,0.0,0
2017-01-14 16:38:03,"B2","Squat",3,175.0,8,0.0,0
2017-01-14 16:38:03,"B2","Squat",4,175.0,8,0.0,0
2017-01-14 16:38:03,"B2","Military Press",1,100.0,8,0.0,0
2017-01-14 16:38:03,"B2","Military Press",2,100.0,4,0.0,0
2017-01-14 16:38:03,"B2","Military Press",3,100.0,5,0.0,0
2017-01-14 16:38:03,"B2","Military Press",4,100.0,5,0.0,0
2017-01-17 12:51:09,"B3","Bench Press",1,175.0,8,0.0,0
2017-01-17 12:51:09,"B3","Bench Press",2,175.0,8,0.0,0
2017-01-17 12:51:09,"B3","Bench Press",3,175.0,6,0.0,0
2017-01-17 12:51:09,"B3","Bench Press",4,175.0,5,0.0,0
2017-01-17 12:51:09,"B3","Deadlift",1,245.0,4,0.0,0
2017-01-17 12:51:09,"B3","Deadlift",2,265.0,4,0.0,0
2017-01-17 12:51:09,"B3","Deadlift",3,275.0,4,0.0,0
2017-01-17 12:51:09,"B3","Deadlift",4,285.0,4,0.0,0
2017-01-17 12:51:09,"B3","Military Press",1,115.0,4,0.0,0
2017-01-17 12:51:09,"B3","Military Press",2,115.0,4,0.0,0
2017-01-17 12:51:09,"B3","Military Press",3,115.0,4,0.0,0
2017-01-17 12:51:09,"B3","Military Press",4,115.0,4,0.0,0
2017-01-19 14:14:45,"A1","Bench Press",1,195.0,2,0.0,0
2017-01-19 14:14:45,"A1","Bench Press",2,195.0,3,0.0,0
2017-01-19 14:14:45,"A1","Bench Press",3,195.0,3,0.0,0
2017-01-19 14:14:45,"A1","Bench Press",4,195.0,3,0.0,0
2017-01-19 14:14:45,"A1","Squat",1,180.0,6,0.0,0
2017-01-19 14:14:45,"A1","Squat",2,180.0,6,0.0,0
2017-01-19 14:14:45,"A1","Squat",3,180.0,6,0.0,0
2017-01-19 14:14:45,"A1","Squat",4,180.0,5,0.0,0
2017-01-19 14:14:45,"A1","Military Press",1,100.0,8,0.0,0
2017-01-19 14:14:45,"A1","Military Press",2,100.0,6,0.0,0
2017-01-19 14:14:45,"A1","Military Press",3,100.0,6,0.0,0
2017-01-19 14:14:45,"A1","Military Press",4,100.0,6,0.0,0
2017-01-21 17:50:27,"TBA1","Front Squat",1,140.0,5,0.0,0
2017-01-21 17:50:27,"TBA1","Front Squat",2,140.0,5,0.0,0
2017-01-21 17:50:27,"TBA1","Front Squat",3,140.0,5,0.0,0
2017-01-21 17:50:27,"TBA1","Military Press",1,85.0,5,0.0,0
2017-01-21 17:50:27,"TBA1","Military Press",2,85.0,5,0.0,0
2017-01-21 17:50:27,"TBA1","Military Press",3,85.0,5,0.0,0
2017-01-21 17:50:27,"TBA1","Pull Up (Assisted)",1,85.0,10,0.0,0
2017-01-21 17:50:27,"TBA1","Pull Up (Assisted)",2,85.0,10,0.0,0
2017-01-21 17:50:27,"TBA1","Pull Up (Assisted)",3,85.0,10,0.0,0
2017-01-22 18:36:20,"TBB1","Bench Press",1,150.0,5,0.0,0
2017-01-22 18:36:20,"TBB1","Bench Press",2,150.0,5,0.0,0
2017-01-22 18:36:20,"TBB1","Bench Press",3,150.0,5,0.0,0
2017-01-22 18:36:20,"TBB1","Deadlift",1,225.0,5,0.0,0
2017-01-22 18:36:20,"TBB1","Deadlift",2,225.0,5,0.0,0
2017-01-22 18:36:20,"TBB1","Deadlift",3,225.0,5,0.0,0
2017-01-24 20:11:19,"TBA1","Front Squat",1,155.0,5,0.0,0
2017-01-24 20:11:19,"TBA1","Front Squat",2,155.0,5,0.0,0
2017-01-24 20:11:19,"TBA1","Front Squat",3,155.0,5,0.0,0
2017-01-24 20:11:19,"TBA1","Military Press",1,95.0,5,0.0,0
2017-01-24 20:11:19,"TBA1","Military Press",2,95.0,5,0.0,0
2017-01-24 20:11:19,"TBA1","Military Press",3,95.0,5,0.0,0
2017-01-24 20:11:19,"TBA1","Pull Up (Assisted)",1,80.0,10,0.0,0
2017-01-24 20:11:19,"TBA1","Pull Up (Assisted)",2,80.0,10,0.0,0
2017-01-24 20:11:19,"TBA1","Pull Up (Assisted)",3,80.0,10,0.0,0
2017-01-25 15:10:36,"TBB1","Bench Press",1,165.0,5,0.0,0
2017-01-25 15:10:36,"TBB1","Bench Press",2,165.0,5,0.0,0
2017-01-25 15:10:36,"TBB1","Bench Press",3,165.0,5,0.0,0
2017-01-25 15:10:36,"TBB1","Deadlift",1,235.0,5,0.0,0
2017-01-25 15:10:36,"TBB1","Deadlift",2,235.0,5,0.0,0
2017-01-25 15:10:36,"TBB1","Deadlift",3,235.0,5,0.0,0
2017-01-30 11:14:34,"TBA1","Front Squat",1,165.0,2,0.0,0
2017-01-30 11:14:34,"TBA1","Front Squat",2,165.0,3,0.0,0
2017-01-30 11:14:34,"TBA1","Front Squat",3,155.0,4,0.0,0
2017-01-30 11:14:34,"TBA1","Military Press",1,100.0,5,0.0,0
2017-01-30 11:14:34,"TBA1","Military Press",2,100.0,5,0.0,0
2017-01-30 11:14:34,"TBA1","Military Press",3,100.0,5,0.0,0
2017-01-30 11:14:34,"TBA1","Pull Up (Assisted)",1,75.0,10,0.0,0
2017-01-30 11:14:34,"TBA1","Pull Up (Assisted)",2,75.0,10,0.0,0
2017-01-30 11:14:34,"TBA1","Pull Up (Assisted)",3,75.0,10,0.0,0
2017-01-31 19:57:14,"TBB1","Bench Press",1,175.0,5,0.0,0
2017-01-31 19:57:14,"TBB1","Bench Press",2,175.0,5,0.0,0
2017-01-31 19:57:14,"TBB1","Bench Press",3,175.0,5,0.0,0
2017-01-31 19:57:14,"TBB1","Deadlift",1,255.0,5,0.0,0
2017-01-31 19:57:14,"TBB1","Deadlift",2,255.0,5,0.0,0
2017-01-31 19:57:14,"TBB1","Deadlift",3,255.0,5,0.0,0
2017-02-02 15:13:35,"TBA1","Front Squat",1,155.0,5,0.0,0
2017-02-02 15:13:35,"TBA1","Front Squat",2,155.0,5,0.0,0
2017-02-02 15:13:35,"TBA1","Front Squat",3,155.0,5,0.0,0
2017-02-02 15:13:35,"TBA1","Military Press",1,100.0,5,0.0,0
2017-02-02 15:13:35,"TBA1","Military Press",2,100.0,5,0.0,0
2017-02-02 15:13:35,"TBA1","Military Press",3,100.0,5,0.0,0
2017-02-02 15:13:35,"TBA1","Pull Up (Assisted)",1,70.0,10,0.0,0
2017-02-02 15:13:35,"TBA1","Pull Up (Assisted)",2,70.0,10,0.0,0
2017-02-02 15:13:35,"TBA1","Pull Up (Assisted)",3,70.0,10,0.0,0
2017-02-03 11:12:21,"TBB1","Bench Press",1,175.0,5,0.0,0
2017-02-03 11:12:21,"TBB1","Bench Press",2,175.0,5,0.0,0
2017-02-03 11:12:21,"TBB1","Bench Press",3,175.0,5,0.0,0
2017-02-03 11:12:21,"TBB1","Deadlift",1,255.0,5,0.0,0
2017-02-03 11:12:21,"TBB1","Deadlift",2,255.0,5,0.0,0
2017-02-03 11:12:21,"TBB1","Deadlift",3,255.0,5,0.0,0
2017-02-06 13:27:12,"TBA1","Front Squat",1,165.0,3,0.0,0
2017-02-06 13:27:12,"TBA1","Front Squat",2,165.0,3,0.0,0
2017-02-06 13:27:12,"TBA1","Front Squat",3,165.0,3,0.0,0
2017-02-06 13:27:12,"TBA1","Military Press",1,115.0,3,0.0,0
2017-02-06 13:27:12,"TBA1","Military Press",2,115.0,3,0.0,0
2017-02-06 13:27:12,"TBA1","Military Press",3,115.0,3,0.0,0
2017-02-06 13:27:12,"TBA1","Pull Up (Assisted)",1,65.0,10,0.0,0
2017-02-06 13:27:12,"TBA1","Pull Up (Assisted)",2,65.0,10,0.0,0
2017-02-06 13:27:12,"TBA1","Pull Up (Assisted)",3,65.0,10,0.0,0
2017-02-07 19:28:45,"TBB3","Bench Press",1,195.0,3,0.0,0
2017-02-07 19:28:45,"TBB3","Bench Press",2,195.0,3,0.0,0
2017-02-07 19:28:45,"TBB3","Bench Press",3,195.0,3,0.0,0
2017-02-07 19:28:45,"TBB3","Deadlift",1,285.0,3,0.0,0
2017-02-07 19:28:45,"TBB3","Deadlift",2,285.0,3,0.0,0
2017-02-07 19:28:45,"TBB3","Deadlift",3,285.0,3,0.0,0
2017-02-07 19:28:45,"TBB3","Pendlay Row",1,135.0,3,0.0,0
2017-02-07 19:28:45,"TBB3","Pendlay Row",2,135.0,3,0.0,0
2017-02-07 19:28:45,"TBB3","Pendlay Row",3,135.0,3,0.0,0
2017-02-09 19:35:08,"TBA3","Front Squat",1,165.0,3,0.0,0
2017-02-09 19:35:08,"TBA3","Front Squat",2,165.0,3,0.0,0
2017-02-09 19:35:08,"TBA3","Front Squat",3,165.0,3,0.0,0
2017-02-09 19:35:08,"TBA3","Military Press",1,115.0,3,0.0,0
2017-02-09 19:35:08,"TBA3","Military Press",2,115.0,3,0.0,0
2017-02-09 19:35:08,"TBA3","Military Press",3,115.0,3,0.0,0
2017-02-09 19:35:08,"TBA3","Pull Up (Assisted)",1,60.0,10,0.0,0
2017-02-09 19:35:08,"TBA3","Pull Up (Assisted)",2,60.0,10,0.0,0
2017-02-09 19:35:08,"TBA3","Pull Up (Assisted)",3,60.0,10,0.0,0
2017-02-10 17:31:34,"TBB3","Bench Press",1,195.0,3,0.0,0
2017-02-10 17:31:34,"TBB3","Bench Press",2,195.0,3,0.0,0
2017-02-10 17:31:34,"TBB3","Bench Press",3,195.0,3,0.0,0
2017-02-10 17:31:34,"TBB3","Deadlift",1,285.0,3,0.0,0
2017-02-10 17:31:34,"TBB3","Deadlift",2,285.0,3,0.0,0
2017-02-10 17:31:34,"TBB3","Deadlift",3,285.0,3,0.0,0
2017-02-10 17:31:34,"TBB3","Pendlay Row",1,135.0,3,0.0,0
2017-02-10 17:31:34,"TBB3","Pendlay Row",2,135.0,3,0.0,0
2017-02-10 17:31:34,"TBB3","Pendlay Row",3,155.0,3,0.0,0
2017-02-13 13:44:33,"TBA5","Front Squat",1,145.0,5,0.0,0
2017-02-13 13:44:33,"TBA5","Front Squat",2,145.0,5,0.0,0
2017-02-13 13:44:33,"TBA5","Front Squat",3,145.0,8,0.0,0
2017-02-13 13:44:33,"TBA5","Military Press",1,95.0,5,0.0,0
2017-02-13 13:44:33,"TBA5","Military Press",2,95.0,5,0.0,0
2017-02-13 13:44:33,"TBA5","Military Press",3,95.0,10,0.0,0
2017-02-13 13:44:33,"TBA5","Pull Up (Assisted)",1,55.0,10,0.0,0
2017-02-13 13:44:33,"TBA5","Pull Up (Assisted)",2,55.0,10,0.0,0
2017-02-13 13:44:33,"TBA5","Pull Up (Assisted)",3,55.0,8,0.0,0
2017-02-14 13:56:51,"TBB5","Bench Press",1,155.0,5,0.0,0
2017-02-14 13:56:51,"TBB5","Bench Press",2,155.0,5,0.0,0
2017-02-14 13:56:51,"TBB5","Bench Press",3,155.0,12,0.0,0
2017-02-14 13:56:51,"TBB5","Deadlift",1,225.0,5,0.0,0
2017-02-14 13:56:51,"TBB5","Deadlift",2,225.0,5,0.0,0
2017-02-14 13:56:51,"TBB5","Deadlift",3,225.0,5,0.0,0
2017-02-14 13:56:51,"TBB5","Pendlay Row",1,135.0,5,0.0,0
2017-02-14 13:56:51,"TBB5","Pendlay Row",2,135.0,5,0.0,0
2017-02-14 13:56:51,"TBB5","Pendlay Row",3,135.0,5,0.0,0
2017-02-16 19:53:28,"TBA5","Front Squat",1,145.0,5,0.0,0
2017-02-16 19:53:28,"TBA5","Front Squat",2,145.0,5,0.0,0
2017-02-16 19:53:28,"TBA5","Front Squat",3,145.0,9,0.0,0
2017-02-16 19:53:28,"TBA5","Military Press",1,95.0,5,0.0,0
2017-02-16 19:53:28,"TBA5","Military Press",2,95.0,5,0.0,0
2017-02-16 19:53:28,"TBA5","Military Press",3,95.0,5,0.0,0
2017-02-16 19:53:28,"TBA5","Military Press",4,135.0,1,0.0,0
2017-02-16 19:53:28,"TBA5","Pull Up (Assisted)",1,50.0,10,0.0,0
2017-02-16 19:53:28,"TBA5","Pull Up (Assisted)",2,50.0,10,0.0,0
2017-02-16 19:53:28,"TBA5","Pull Up (Assisted)",3,50.0,7,0.0,0
2017-02-17 16:38:53,"TBB5","Bench Press",1,155.0,5,0.0,0
2017-02-17 16:38:53,"TBB5","Bench Press",2,155.0,5,0.0,0
2017-02-17 16:38:53,"TBB5","Bench Press",3,155.0,8,0.0,0
2017-02-17 16:38:53,"TBB5","Deadlift",1,225.0,5,0.0,0
2017-02-17 16:38:53,"TBB5","Deadlift",2,225.0,5,0.0,0
2017-02-17 16:38:53,"TBB5","Deadlift",3,225.0,8,0.0,0
2017-02-17 16:38:53,"TBB5","Pendlay Row",1,135.0,5,0.0,0
2017-02-17 16:38:53,"TBB5","Pendlay Row",2,135.0,5,0.0,0
2017-02-17 16:38:53,"TBB5","Pendlay Row",3,135.0,5,0.0,0
2017-02-20 15:33:38,"TBA5","Front Squat",1,165.0,5,0.0,0
2017-02-20 15:33:38,"TBA5","Front Squat",2,165.0,5,0.0,0
2017-02-20 15:33:38,"TBA5","Front Squat",3,155.0,5,0.0,0
2017-02-20 15:33:38,"TBA5","Military Press",1,105.0,5,0.0,0
2017-02-20 15:33:38,"TBA5","Military Press",2,105.0,5,0.0,0
2017-02-20 15:33:38,"TBA5","Military Press",3,105.0,5,0.0,0
2017-02-20 15:33:38,"TBA5","Pull Up (Assisted)",1,45.0,10,0.0,0
2017-02-20 15:33:38,"TBA5","Pull Up (Assisted)",2,45.0,8,0.0,0
2017-02-20 15:33:38,"TBA5","Pull Up (Assisted)",3,45.0,7,0.0,0
2017-02-21 19:32:16,"TBB5","Bench Press",1,175.0,5,0.0,0
2017-02-21 19:32:16,"TBB5","Bench Press",2,175.0,5,0.0,0
2017-02-21 19:32:16,"TBB5","Bench Press",3,175.0,6,0.0,0
2017-02-21 19:32:16,"TBB5","Deadlift",1,245.0,5,0.0,0
2017-02-21 19:32:16,"TBB5","Deadlift",2,245.0,5,0.0,0
2017-02-21 19:32:16,"TBB5","Deadlift",3,245.0,5,0.0,0
2017-02-21 19:32:16,"TBB5","Pendlay Row",1,145.0,5,0.0,0
2017-02-21 19:32:16,"TBB5","Pendlay Row",2,145.0,5,0.0,0
2017-02-21 19:32:16,"TBB5","Pendlay Row",3,145.0,5,0.0,0
2017-02-23 19:46:29,"TBA5","Front Squat",1,165.0,5,0.0,0
2017-02-23 19:46:29,"TBA5","Front Squat",2,165.0,5,0.0,0
2017-02-23 19:46:29,"TBA5","Front Squat",3,165.0,5,0.0,0
2017-02-23 19:46:29,"TBA5","Front Squat",4,185.0,1,0.0,0
2017-02-23 19:46:29,"TBA5","Front Squat",5,195.0,1,0.0,0
2017-02-23 19:46:29,"TBA5","Military Press",1,105.0,5,0.0,0
2017-02-23 19:46:29,"TBA5","Military Press",2,105.0,5,0.0,0
2017-02-23 19:46:29,"TBA5","Military Press",3,105.0,5,0.0,0
2017-02-23 19:46:29,"TBA5","Pull Up (Assisted)",1,50.0,10,0.0,0
2017-02-23 19:46:29,"TBA5","Pull Up (Assisted)",2,50.0,10,0.0,0
2017-02-23 19:46:29,"TBA5","Pull Up (Assisted)",3,50.0,10,0.0,0
2017-02-24 15:00:21,"TBB5","Bench Press",1,175.0,5,0.0,0
2017-02-24 15:00:21,"TBB5","Bench Press",2,175.0,5,0.0,0
2017-02-24 15:00:21,"TBB5","Bench Press",3,175.0,5,0.0,0
2017-02-24 15:00:21,"TBB5","Deadlift",1,245.0,5,0.0,0
2017-02-24 15:00:21,"TBB5","Deadlift",2,245.0,5,0.0,0
2017-02-24 15:00:21,"TBB5","Deadlift",3,245.0,5,0.0,0
2017-02-24 15:00:21,"TBB5","Deadlift",4,275.0,2,0.0,0
2017-02-24 15:00:21,"TBB5","Deadlift",5,295.0,2,0.0,0
2017-02-24 15:00:21,"TBB5","Deadlift",6,315.0,1,0.0,0
2017-02-24 15:00:21,"TBB5","Deadlift",7,335.0,1,0.0,0
2017-02-24 15:00:21,"TBB5","Pendlay Row",1,145.0,5,0.0,0
2017-02-24 15:00:21,"TBB5","Pendlay Row",2,145.0,5,0.0,0
2017-02-24 15:00:21,"TBB5","Pendlay Row",3,145.0,5,0.0,0
2017-02-28 19:45:22,"TBB3","Bench Press",1,195.0,3,0.0,0
2017-02-28 19:45:22,"TBB3","Bench Press",2,195.0,3,0.0,0
2017-02-28 19:45:22,"TBB3","Bench Press",3,195.0,3,0.0,0
2017-02-28 19:45:22,"TBB3","Bench Press",4,205.0,1,0.0,0
2017-02-28 19:45:22,"TBB3","Bench Press",5,215.0,1,0.0,0
2017-02-28 19:45:22,"TBB3","Deadlift",1,285.0,3,0.0,0
2017-02-28 19:45:22,"TBB3","Deadlift",2,285.0,3,0.0,0
2017-02-28 19:45:22,"TBB3","Deadlift",3,285.0,3,0.0,0
2017-02-28 19:45:22,"TBB3","Pendlay Row",1,155.0,3,0.0,0
2017-02-28 19:45:22,"TBB3","Pendlay Row",2,155.0,3,0.0,0
2017-02-28 19:45:22,"TBB3","Pendlay Row",3,155.0,3,0.0,0
2017-03-02 20:24:53,"TBA3","Front Squat",1,185.0,3,0.0,0
2017-03-02 20:24:53,"TBA3","Front Squat",2,185.0,3,0.0,0
2017-03-02 20:24:53,"TBA3","Front Squat",3,185.0,3,0.0,0
2017-03-02 20:24:53,"TBA3","Military Press",1,115.0,3,0.0,0
2017-03-02 20:24:53,"TBA3","Military Press",2,115.0,3,0.0,0
2017-03-02 20:24:53,"TBA3","Military Press",3,115.0,3,0.0,0
2017-03-02 20:24:53,"TBA3","Pull Up (Assisted)",1,50.0,10,0.0,0
2017-03-02 20:24:53,"TBA3","Pull Up (Assisted)",2,40.0,10,0.0,0
2017-03-02 20:24:53,"TBA3","Pull Up (Assisted)",3,50.0,10,0.0,0
2017-03-03 16:37:40,"TBB3","Bench Press",1,195.0,3,0.0,0
2017-03-03 16:37:40,"TBB3","Bench Press",2,195.0,3,0.0,0
2017-03-03 16:37:40,"TBB3","Bench Press",3,195.0,3,0.0,0
2017-03-03 16:37:40,"TBB3","Deadlift",1,285.0,3,0.0,0
2017-03-03 16:37:40,"TBB3","Deadlift",2,285.0,3,0.0,0
2017-03-03 16:37:40,"TBB3","Deadlift",3,285.0,3,0.0,0
2017-03-03 16:37:40,"TBB3","Pendlay Row",1,155.0,3,0.0,0
2017-03-03 16:37:40,"TBB3","Pendlay Row",2,155.0,3,0.0,0
2017-03-03 16:37:40,"TBB3","Pendlay Row",3,155.0,3,0.0,0
2017-03-06 19:24:19,"TBA5","Front Squat",1,145.0,5,0.0,0
2017-03-06 19:24:19,"TBA5","Front Squat",2,145.0,5,0.0,0
2017-03-06 19:24:19,"TBA5","Front Squat",3,145.0,5,0.0,0
2017-03-06 19:24:19,"TBA5","Military Press",1,95.0,5,0.0,0
2017-03-06 19:24:19,"TBA5","Military Press",2,95.0,5,0.0,0
2017-03-06 19:24:19,"TBA5","Military Press",3,95.0,5,0.0,0
2017-03-06 19:24:19,"TBA5","Pull Up (Assisted)",1,40.0,10,0.0,0
2017-03-06 19:24:19,"TBA5","Pull Up (Assisted)",2,40.0,7,0.0,0
2017-03-06 19:24:19,"TBA5","Pull Up (Assisted)",3,40.0,6,0.0,0
2017-03-08 19:26:00,"TBB5","Deadlift",1,255.0,5,0.0,0
2017-03-08 19:26:00,"TBB5","Deadlift",2,255.0,5,0.0,0
2017-03-08 19:26:00,"TBB5","Deadlift",3,255.0,5,0.0,0
2017-03-08 19:26:00,"TBB5","Military Press",1,95.0,5,0.0,0
2017-03-08 19:26:00,"TBB5","Military Press",2,95.0,5,0.0,0
2017-03-08 19:26:00,"TBB5","Military Press",3,95.0,5,0.0,0
2017-03-08 19:26:00,"TBB5","Pull Up (Assisted)",1,40.0,10,0.0,0
2017-03-08 19:26:00,"TBB5","Pull Up (Assisted)",2,40.0,10,0.0,0
2017-03-08 19:26:00,"TBB5","Pull Up (Assisted)",3,40.0,7,0.0,0
2017-03-10 14:37:56,"TBA5","Front Squat",1,145.0,5,0.0,0
2017-03-10 14:37:56,"TBA5","Front Squat",2,145.0,5,0.0,0
2017-03-10 14:37:56,"TBA5","Front Squat",3,145.0,5,0.0,0
2017-03-10 14:37:56,"TBA5","Military Press",1,95.0,5,0.0,0
2017-03-10 14:37:56,"TBA5","Military Press",2,95.0,5,0.0,0
2017-03-10 14:37:56,"TBA5","Military Press",3,95.0,5,0.0,0
2017-03-10 14:37:56,"TBA5","Pull Up (Assisted)",1,40.0,10,0.0,0
2017-03-10 14:37:56,"TBA5","Pull Up (Assisted)",2,40.0,7,0.0,0
2017-03-10 14:37:56,"TBA5","Pull Up (Assisted)",3,40.0,5,0.0,0
2017-03-13 12:33:36,"TBA5","Front Squat",1,165.0,4,0.0,0
2017-03-13 12:33:36,"TBA5","Front Squat",2,165.0,3,0.0,0
2017-03-13 12:33:36,"TBA5","Front Squat",3,165.0,3,0.0,0
2017-03-13 12:33:36,"TBA5","Military Press",1,110.0,4,0.0,0
2017-03-13 12:33:36,"TBA5","Military Press",2,110.0,5,0.0,0
2017-03-13 12:33:36,"TBA5","Military Press",3,110.0,5,0.0,0
2017-03-13 12:33:36,"TBA5","Pull Up (Assisted)",1,40.0,10,0.0,0
2017-03-13 12:33:36,"TBA5","Pull Up (Assisted)",2,40.0,7,0.0,0
2017-03-13 12:33:36,"TBA5","Pull Up (Assisted)",3,40.0,6,0.0,0
2017-03-15 20:43:19,"TBA5","Front Squat",1,165.0,5,0.0,0
2017-03-15 20:43:19,"TBA5","Front Squat",2,165.0,5,0.0,0
2017-03-15 20:43:19,"TBA5","Front Squat",3,165.0,5,0.0,0
2017-03-15 20:43:19,"TBA5","Military Press",1,110.0,5,0.0,0
2017-03-15 20:43:19,"TBA5","Military Press",2,110.0,5,0.0,0
2017-03-15 20:43:19,"TBA5","Military Press",3,110.0,5,0.0,0
2017-03-15 20:43:19,"TBA5","Pull Up (Assisted)",1,40.0,7,0.0,0
2017-03-15 20:43:19,"TBA5","Pull Up (Assisted)",2,40.0,8,0.0,0
2017-03-15 20:43:19,"TBA5","Pull Up (Assisted)",3,40.0,7,0.0,0
2017-03-17 11:14:31,"TBA5","Military Press",1,110.0,5,0.0,0
2017-03-17 11:14:31,"TBA5","Military Press",2,110.0,5,0.0,0
2017-03-17 11:14:31,"TBA5","Military Press",3,110.0,5,0.0,0
2017-03-17 11:14:31,"TBA5","Pull Up (Assisted)",1,0.0,5,0.0,0
2017-03-17 11:14:31,"TBA5","Pull Up (Assisted)",2,0.0,4,0.0,0
2017-03-17 11:14:31,"TBA5","Pull Up (Assisted)",3,0.0,3,0.0,0
2017-03-17 11:14:31,"TBA5","Pull Up (Assisted)",4,0.0,2,0.0,0
2017-03-17 11:14:31,"TBA5","Pull Up (Assisted)",5,0.0,1,0.0,0
2017-03-17 11:14:31,"TBA5","Deadlift",1,255.0,5,0.0,0
2017-03-17 11:14:31,"TBA5","Deadlift",2,265.0,5,0.0,0
2017-03-17 11:14:31,"TBA5","Deadlift",3,270.0,5,0.0,0
2017-03-20 12:54:19,"TBA3","Front Squat",1,185.0,3,0.0,0
2017-03-20 12:54:19,"TBA3","Front Squat",2,185.0,3,0.0,0
2017-03-20 12:54:19,"TBA3","Front Squat",3,185.0,3,0.0,0
2017-03-20 12:54:19,"TBA3","Military Press",1,120.0,3,0.0,0
2017-03-20 12:54:19,"TBA3","Military Press",2,120.0,3,0.0,0
2017-03-20 12:54:19,"TBA3","Military Press",3,120.0,3,0.0,0
2017-03-20 12:54:19,"TBA3","Pull Up (Assisted)",1,0.0,5,0.0,0
2017-03-20 12:54:19,"TBA3","Pull Up (Assisted)",2,0.0,4,0.0,0
2017-03-20 12:54:19,"TBA3","Pull Up (Assisted)",3,0.0,4,0.0,0
2017-03-20 12:54:19,"TBA3","Pull Up (Assisted)",4,0.0,3,0.0,0
2017-03-20 12:54:19,"TBA3","Pull Up (Assisted)",5,0.0,2,0.0,0
2017-03-22 14:21:54,"TBA3","Front Squat",1,185.0,3,0.0,0
2017-03-22 14:21:54,"TBA3","Front Squat",2,185.0,3,0.0,0
2017-03-22 14:21:54,"TBA3","Front Squat",3,185.0,3,0.0,0
2017-03-22 14:21:54,"TBA3","Military Press",1,120.0,3,0.0,0
2017-03-22 14:21:54,"TBA3","Military Press",2,120.0,3,0.0,0
2017-03-22 14:21:54,"TBA3","Military Press",3,120.0,3,0.0,0
2017-03-22 14:21:54,"TBA3","Pull Up (Assisted)",1,0.0,6,0.0,0
2017-03-22 14:21:54,"TBA3","Pull Up (Assisted)",2,0.0,5,0.0,0
2017-03-22 14:21:54,"TBA3","Pull Up (Assisted)",3,0.0,4,0.0,0
2017-03-22 14:21:54,"TBA3","Pull Up (Assisted)",4,0.0,3,0.0,0
2017-03-22 14:21:54,"TBA3","Pull Up (Assisted)",5,0.0,2,0.0,0
2017-03-25 13:45:01,"TBB3","Deadlift",1,300.0,3,0.0,0
2017-03-25 13:45:01,"TBB3","Deadlift",2,300.0,3,0.0,0
2017-03-25 13:45:01,"TBB3","Deadlift",3,300.0,3,0.0,0
2017-03-25 13:45:01,"TBB3","Military Press",1,120.0,3,0.0,0
2017-03-25 13:45:01,"TBB3","Military Press",2,120.0,3,0.0,0
2017-03-25 13:45:01,"TBB3","Military Press",3,120.0,3,0.0,0
2017-03-25 13:45:01,"TBB3","Military Press",4,125.0,1,0.0,0
2017-03-25 13:45:01,"TBB3","Military Press",5,130.0,1,0.0,0
2017-03-25 13:45:01,"TBB3","Military Press",6,135.0,1,0.0,0
2017-03-25 13:45:01,"TBB3","Pull Up (Assisted)",1,0.0,6,0.0,0
2017-03-25 13:45:01,"TBB3","Pull Up (Assisted)",2,0.0,5,0.0,0
2017-03-25 13:45:01,"TBB3","Pull Up (Assisted)",3,0.0,4,0.0,0
2017-03-25 13:45:01,"TBB3","Pull Up (Assisted)",4,0.0,4,0.0,0
2017-03-25 13:45:01,"TBB3","Pull Up (Assisted)",5,0.0,3,0.0,0
2017-03-27 15:39:25,"TBA5","Front Squat",1,135.0,5,0.0,0
2017-03-27 15:39:25,"TBA5","Front Squat",2,135.0,5,0.0,0
2017-03-27 15:39:25,"TBA5","Front Squat",3,135.0,12,0.0,0
2017-03-27 15:39:25,"TBA5","Front Squat",4,145.0,5,0.0,0
2017-03-27 15:39:25,"TBA5","Front Squat",5,155.0,5,0.0,0
2017-03-27 15:39:25,"TBA5","Front Squat",6,165.0,5,0.0,0
2017-03-27 15:39:25,"TBA5","Military Press",1,95.0,5,0.0,0
2017-03-27 15:39:25,"TBA5","Military Press",2,95.0,5,0.0,0
2017-03-27 15:39:25,"TBA5","Military Press",3,95.0,13,0.0,0
2017-03-27 15:39:25,"TBA5","Pull Up (Assisted)",1,0.0,6,0.0,0
2017-03-27 15:39:25,"TBA5","Pull Up (Assisted)",2,0.0,3,0.0,0
2017-03-29 14:26:45,"TBA5","Front Squat",1,135.0,5,0.0,0
2017-03-29 14:26:45,"TBA5","Front Squat",2,135.0,5,0.0,0
2017-03-29 14:26:45,"TBA5","Front Squat",3,135.0,8,0.0,0
2017-03-29 14:26:45,"TBA5","Military Press",1,95.0,5,0.0,0
2017-03-29 14:26:45,"TBA5","Military Press",2,95.0,5,0.0,0
2017-03-29 14:26:45,"TBA5","Military Press",3,95.0,12,0.0,0
2017-03-29 14:26:45,"TBA5","Military Press",4,100.0,5,0.0,0
2017-03-29 14:26:45,"TBA5","Military Press",5,105.0,5,0.0,0
2017-03-29 14:26:45,"TBA5","Military Press",6,110.0,5,0.0,0
2017-03-29 14:26:45,"TBA5","Military Press",7,115.0,5,0.0,0
2017-03-29 14:26:45,"TBA5","Military Press",8,120.0,4,0.0,0
2017-03-29 14:26:45,"TBA5","Pull Up",1,10.0,3,0.0,0
2017-03-29 14:26:45,"TBA5","Pull Up",2,10.0,5,0.0,0
2017-03-29 14:26:45,"TBA5","Pull Up",3,10.0,5,0.0,0
2017-03-31 11:38:18,"TBB5","Deadlift",1,210.0,5,0.0,0
2017-03-31 11:38:18,"TBB5","Deadlift",2,210.0,5,0.0,0
2017-03-31 11:38:18,"TBB5","Deadlift",3,210.0,5,0.0,0
2017-03-31 11:38:18,"TBB5","Deadlift",4,225.0,5,0.0,0
2017-03-31 11:38:18,"TBB5","Deadlift",5,240.0,5,0.0,0
2017-03-31 11:38:18,"TBB5","Deadlift",6,255.0,5,0.0,0
2017-03-31 11:38:18,"TBB5","Deadlift",7,270.0,5,0.0,0
2017-03-31 11:38:18,"TBB5","Deadlift",8,285.0,3,0.0,0
2017-03-31 11:38:18,"TBB5","Military Press",1,95.0,5,0.0,0
2017-03-31 11:38:18,"TBB5","Military Press",2,95.0,5,0.0,0
2017-03-31 11:38:18,"TBB5","Military Press",3,95.0,5,0.0,0
2017-03-31 11:38:18,"TBB5","Pull Up",1,0.0,7,0.0,0
2017-03-31 11:38:18,"TBB5","Pull Up",2,0.0,5,0.0,0
2017-04-03 12:51:43,"TBA5","Front Squat",1,150.0,5,0.0,0
2017-04-03 12:51:43,"TBA5","Front Squat",2,150.0,5,0.0,0
2017-04-03 12:51:43,"TBA5","Front Squat",3,150.0,10,0.0,0
2017-04-03 12:51:43,"TBA5","Military Press",1,100.0,5,0.0,0
2017-04-03 12:51:43,"TBA5","Military Press",2,100.0,5,0.0,0
2017-04-03 12:51:43,"TBA5","Military Press",3,100.0,5,0.0,0
2017-04-03 12:51:43,"TBA5","Pull Up",1,10.0,5,0.0,0
2017-04-03 12:51:43,"TBA5","Pull Up",2,10.0,4,0.0,0
2017-04-03 12:51:43,"TBA5","Pull Up",3,10.0,5,0.0,0
2017-04-03 12:51:43,"TBA5","Chest Dip",1,0.0,8,0.0,0
2017-04-03 12:51:43,"TBA5","Chest Dip",2,0.0,8,0.0,0
2017-04-03 12:51:43,"TBA5","Chest Dip",3,0.0,5,0.0,0
2017-04-05 15:58:02,"TBA5","Front Squat",1,150.0,5,0.0,0
2017-04-05 15:58:02,"TBA5","Front Squat",2,150.0,5,0.0,0
2017-04-05 15:58:02,"TBA5","Front Squat",3,150.0,5,0.0,0
2017-04-05 15:58:02,"TBA5","Military Press",1,100.0,5,0.0,0
2017-04-05 15:58:02,"TBA5","Military Press",2,100.0,5,0.0,0
2017-04-05 15:58:02,"TBA5","Military Press",3,100.0,11,0.0,0
2017-04-05 15:58:02,"TBA5","Pull Up",1,0.0,1,0.0,0
2017-04-05 15:58:02,"TBA5","Pull Up",2,0.0,2,0.0,0
2017-04-05 15:58:02,"TBA5","Pull Up",3,0.0,2,0.0,0
2017-04-05 15:58:02,"TBA5","Pull Up",4,0.0,4,0.0,0
2017-04-05 15:58:02,"TBA5","Pull Up",5,0.0,5,0.0,0
2017-04-05 15:58:02,"TBA5","Pull Up",6,0.0,2,0.0,0
2017-04-05 15:58:02,"TBA5","Chest Dip",1,0.0,8,0.0,0
2017-04-05 15:58:02,"TBA5","Chest Dip",2,0.0,8,0.0,0
2017-04-05 15:58:02,"TBA5","Chest Dip",3,0.0,6,0.0,0
2017-04-07 11:27:28,"TBB5","Deadlift",1,240.0,5,0.0,0
2017-04-07 11:27:28,"TBB5","Deadlift",2,240.0,5,0.0,0
2017-04-07 11:27:28,"TBB5","Deadlift",3,240.0,12,0.0,0
2017-04-07 11:27:28,"TBB5","Military Press",1,100.0,5,0.0,0
2017-04-07 11:27:28,"TBB5","Military Press",2,100.0,5,0.0,0
2017-04-07 11:27:28,"TBB5","Military Press",3,100.0,5,0.0,0
2017-04-07 11:27:28,"TBB5","Pull Up",1,10.0,5,0.0,0
2017-04-07 11:27:28,"TBB5","Pull Up",2,10.0,5,0.0,0
2017-04-07 11:27:28,"TBB5","Pull Up",3,10.0,4,0.0,0
2017-04-10 13:42:15,"TBA3","Front Squat",1,165.0,3,0.0,0
2017-04-10 13:42:15,"TBA3","Front Squat",2,165.0,3,0.0,0
2017-04-10 13:42:15,"TBA3","Front Squat",3,165.0,3,0.0,0
2017-04-10 13:42:15,"TBA3","Front Squat",4,180.0,1,0.0,0
2017-04-10 13:42:15,"TBA3","Front Squat",5,190.0,1,0.0,0
2017-04-10 13:42:15,"TBA3","Front Squat",6,200.0,1,0.0,0
2017-04-10 13:42:15,"TBA3","Military Press",1,110.0,3,0.0,0
2017-04-10 13:42:15,"TBA3","Military Press",2,110.0,3,0.0,0
2017-04-10 13:42:15,"TBA3","Military Press",3,110.0,3,0.0,0
2017-04-10 13:42:15,"TBA3","Pull Up",1,0.0,1,0.0,0
2017-04-10 13:42:15,"TBA3","Pull Up",2,0.0,2,0.0,0
2017-04-10 13:42:15,"TBA3","Pull Up",3,0.0,3,0.0,0
2017-04-10 13:42:15,"TBA3","Pull Up",4,0.0,4,0.0,0
2017-04-10 13:42:15,"TBA3","Pull Up",5,0.0,5,0.0,0
2017-04-10 13:42:15,"TBA3","Pull Up",6,0.0,4,0.0,0
2017-04-10 13:42:15,"TBA3","Pull Up",7,0.0,3,0.0,0
2017-04-10 13:42:15,"TBA3","Pull Up",8,0.0,2,0.0,0
2017-04-10 13:42:15,"TBA3","Pull Up",9,0.0,1,0.0,0
2017-04-12 10:41:42,"TBA3","Front Squat",1,165.0,3,0.0,0
2017-04-12 10:41:42,"TBA3","Front Squat",2,165.0,3,0.0,0
2017-04-12 10:41:42,"TBA3","Front Squat",3,165.0,3,0.0,0
2017-04-12 10:41:42,"TBA3","Military Press",1,110.0,3,0.0,0
2017-04-12 10:41:42,"TBA3","Military Press",2,110.0,3,0.0,0
2017-04-12 10:41:42,"TBA3","Military Press",3,110.0,3,0.0,0
2017-04-14 10:57:37,"TBB3","Deadlift",1,275.0,3,0.0,0
2017-04-14 10:57:37,"TBB3","Deadlift",2,275.0,3,0.0,0
2017-04-14 10:57:37,"TBB3","Deadlift",3,275.0,3,0.0,0
2017-04-14 10:57:37,"TBB3","Deadlift",4,295.0,2,0.0,0
2017-04-14 10:57:37,"TBB3","Deadlift",5,315.0,1,0.0,0
2017-04-14 10:57:37,"TBB3","Deadlift",6,335.0,1,0.0,0
2017-04-14 10:57:37,"TBB3","Military Press",1,110.0,3,0.0,0
2017-04-17 15:18:33,"TBA3","Military Press",1,80.0,5,0.0,0
2017-04-17 15:18:33,"TBA3","Military Press",2,90.0,5,0.0,0
2017-04-17 15:18:33,"TBA3","Military Press",3,100.0,13,0.0,0
2017-04-17 15:18:33,"TBA3","Pull Up",1,0.0,3,0.0,0
2017-04-17 15:18:33,"TBA3","Pull Up",2,0.0,4,0.0,0
2017-04-17 15:18:33,"TBA3","Pull Up",3,0.0,3,0.0,0
2017-04-17 15:18:33,"TBA3","Chest Dip",1,0.0,10,0.0,0
2017-04-17 15:18:33,"TBA3","Chest Dip",2,0.0,6,0.0,0
2017-04-17 15:18:33,"TBA3","Chest Dip",3,0.0,6,0.0,0
2017-04-17 15:18:33,"TBA3","Chest Dip",4,0.0,5,0.0,0
2017-04-17 15:18:33,"TBA3","Chest Dip",5,0.0,4,0.0,0
2017-04-17 15:18:33,"TBA3","Military Press",1,80.0,5,0.0,0
2017-04-17 15:18:33,"TBA3","Military Press",2,90.0,5,0.0,0
2017-04-17 15:18:33,"TBA3","Military Press",3,100.0,13,0.0,0
2017-04-17 15:18:33,"TBA3","Pull Up",1,0.0,3,0.0,0
2017-04-17 15:18:33,"TBA3","Pull Up",2,0.0,4,0.0,0
2017-04-17 15:18:33,"TBA3","Pull Up",3,0.0,3,0.0,0
2017-04-17 15:18:33,"TBA3","Chest Dip",1,0.0,10,0.0,0
2017-04-17 15:18:33,"TBA3","Chest Dip",2,0.0,6,0.0,0
2017-04-17 15:18:33,"TBA3","Chest Dip",3,0.0,6,0.0,0
2017-04-17 15:18:33,"TBA3","Chest Dip",4,0.0,5,0.0,0
2017-04-17 15:18:33,"TBA3","Chest Dip",5,0.0,4,0.0,0
2017-04-18 16:05:42,"531B","Deadlift",1,195.0,5,0.0,0
2017-04-18 16:05:42,"531B","Deadlift",2,225.0,5,0.0,0
2017-04-18 16:05:42,"531B","Deadlift",3,255.0,12,0.0,0
2017-04-18 16:05:42,"531B","Good Morning",1,45.0,12,0.0,0
2017-04-18 16:05:42,"531B","Good Morning",2,65.0,12,0.0,0
2017-04-18 16:05:42,"531B","Good Morning",3,85.0,12,0.0,0
2017-04-18 16:05:42,"531B","Good Morning",4,85.0,12,0.0,0
2017-04-18 16:05:42,"531B","Good Morning",5,85.0,12,0.0,0
2017-04-18 16:05:42,"531B","Hanging Leg Raise",1,0.0,6,0.0,0
2017-04-18 16:05:42,"531B","Hanging Leg Raise",2,0.0,6,0.0,0
2017-04-18 16:05:42,"531B","Hanging Leg Raise",3,0.0,6,0.0,0
2017-04-18 16:05:42,"531B","Hanging Leg Raise",4,0.0,6,0.0,0
2017-04-18 16:05:42,"531B","Hanging Leg Raise",5,0.0,7,0.0,0
2017-04-20 16:02:56,"531C","Bench Press",1,125.0,5,0.0,0
2017-04-20 16:02:56,"531C","Bench Press",2,145.0,5,0.0,0
2017-04-20 16:02:56,"531C","Bench Press",3,165.0,12,0.0,0
2017-04-20 16:02:56,"531C","Bench Press (Dumbbell)",1,45.0,10,0.0,0
2017-04-20 16:02:56,"531C","Bench Press (Dumbbell)",2,45.0,10,0.0,0
2017-04-20 16:02:56,"531C","Bench Press (Dumbbell)",3,45.0,10,0.0,0
2017-04-20 16:02:56,"531C","Incline Bench Press",1,95.0,8,0.0,0
2017-04-20 16:02:56,"531C","Incline Bench Press",2,95.0,10,0.0,0
2017-04-20 16:02:56,"531C","Incline Bench Press",3,95.0,10,0.0,0
2017-04-21 16:01:34,"531D","Squat",1,135.0,5,0.0,0
2017-04-21 16:01:34,"531D","Squat",2,160.0,5,0.0,0
2017-04-21 16:01:34,"531D","Squat",3,180.0,11,0.0,0
2017-04-21 16:01:34,"531D","Front Squat",1,95.0,10,0.0,0
2017-04-21 16:01:34,"531D","Front Squat",2,95.0,10,0.0,0
2017-04-21 16:01:34,"531D","Front Squat",3,95.0,10,0.0,0
2017-04-21 16:01:34,"531D","Front Squat",4,95.0,10,0.0,0
2017-04-21 16:01:34,"531D","Front Squat",5,95.0,10,0.0,0
2017-04-24 13:22:43,"531A","Military Press",1,85.0,3,0.0,0
2017-04-24 13:22:43,"531A","Military Press",2,95.0,3,0.0,0
2017-04-24 13:22:43,"531A","Military Press",3,110.0,8,0.0,0
2017-04-24 13:22:43,"531A","Push Press",1,110.0,5,0.0,0
2017-04-24 13:22:43,"531A","Push Press",2,95.0,9,0.0,0
2017-04-24 13:22:43,"531A","Push Press",3,95.0,8,0.0,0
2017-04-24 13:22:43,"531A","Push Press",4,95.0,10,0.0,0
2017-04-24 13:22:43,"531A","Push Press",5,95.0,10,0.0,0
2017-04-24 13:22:43,"531A","Lat Pulldown",1,80.0,10,0.0,0
2017-04-24 13:22:43,"531A","Lat Pulldown",2,100.0,10,0.0,0
2017-04-24 13:22:43,"531A","Lat Pulldown",3,120.0,10,0.0,0
2017-04-24 13:22:43,"531A","Lat Pulldown",4,100.0,10,0.0,0
2017-04-24 13:22:43,"531A","Lat Pulldown",5,100.0,10,0.0,0
2017-04-25 15:55:11,"531B","Clean",1,75.0,10,0.0,0
2017-04-25 15:55:11,"531B","Clean",2,95.0,10,0.0,0
2017-04-25 15:55:11,"531B","Clean",3,115.0,5,0.0,0
2017-04-25 15:55:11,"531B","Clean",4,115.0,5,0.0,0
2017-04-25 15:55:11,"531B","Clean",5,115.0,5,0.0,0
2017-04-25 15:55:11,"531B","Deadlift",1,210.0,3,0.0,0
2017-04-25 15:55:11,"531B","Deadlift",2,240.0,3,0.0,0
2017-04-25 15:55:11,"531B","Deadlift",3,270.0,9,0.0,0
2017-04-25 15:55:11,"531B","Hanging Leg Raise",1,0.0,8,0.0,0
2017-04-25 15:55:11,"531B","Hanging Leg Raise",2,0.0,8,0.0,0
2017-04-25 15:55:11,"531B","Hanging Leg Raise",3,0.0,8,0.0,0
2017-04-27 12:24:28,"531C","Bench Press",1,135.0,3,0.0,0
2017-04-27 12:24:28,"531C","Bench Press",2,155.0,3,0.0,0
2017-04-27 12:24:28,"531C","Bench Press",3,175.0,9,0.0,0
2017-04-27 12:24:28,"531C","Incline Bench DB",1,50.0,10,0.0,0
2017-04-27 12:24:28,"531C","Incline Bench DB",2,50.0,10,0.0,0
2017-04-27 12:24:28,"531C","Incline Bench DB",3,50.0,10,0.0,0
2017-04-27 12:24:28,"531C","Incline Bench DB",4,50.0,10,0.0,0
2017-04-27 12:24:28,"531C","Incline Bench DB",5,50.0,10,0.0,0
2017-04-27 12:24:28,"531C","Kroc Row",1,50.0,21,0.0,0
2017-04-27 12:24:28,"531C","Cable Row",1,60.0,12,0.0,0
2017-04-27 12:24:28,"531C","Cable Row",2,70.0,12,0.0,0
2017-04-27 12:24:28,"531C","Cable Row",3,80.0,12,0.0,0
2017-04-27 12:24:28,"531C","Iso Bench Press",1,90.0,15,0.0,0
2017-04-27 12:24:28,"531C","Iso Bench Press",2,90.0,15,0.0,0
2017-04-27 12:24:28,"531C","Iso Bench Press",3,90.0,15,0.0,0
2017-04-27 12:24:28,"531C","DB Fly",1,30.0,8,0.0,0
2017-04-27 12:24:28,"531C","DB Fly",2,30.0,8,0.0,0
2017-04-27 12:24:28,"531C","DB Fly",3,30.0,8,0.0,0
2017-04-27 12:24:28,"531C","Pallor Press",1,40.0,12,0.0,0
2017-04-27 12:24:28,"531C","Pallor Press",2,40.0,12,0.0,0
2017-04-27 12:24:28,"531C","Pallor Press",3,40.0,12,0.0,0
2017-04-28 16:03:36,"531D","Squat",1,150.0,3,0.0,0
2017-04-28 16:03:36,"531D","Squat",2,170.0,3,0.0,0
2017-04-28 16:03:36,"531D","Squat",3,190.0,8,0.0,0
2017-04-28 16:03:36,"531D","Front Squat",1,100.0,10,0.0,0
2017-04-28 16:03:36,"531D","Front Squat",2,100.0,10,0.0,0
2017-04-28 16:03:36,"531D","Front Squat",3,100.0,10,0.0,0
2017-04-28 16:03:36,"531D","Front Squat",4,100.0,10,0.0,0
2017-04-28 16:03:36,"531D","Front Squat",5,100.0,10,0.0,0
2017-05-01 11:09:47,"531A","Military Press",1,90.0,5,0.0,0
2017-05-01 11:09:47,"531A","Military Press",2,105.0,3,0.0,0
2017-05-01 11:09:47,"531A","Military Press",3,115.0,6,0.0,0
2017-05-01 11:09:47,"531A","Push Press",1,95.0,7,0.0,0
2017-05-01 11:09:47,"531A","Push Press",2,95.0,10,0.0,0
2017-05-01 11:09:47,"531A","Push Press",3,95.0,10,0.0,0
2017-05-01 11:09:47,"531A","Push Press",4,95.0,10,0.0,0
2017-05-01 11:09:47,"531A","Push Press",5,95.0,10,0.0,0
2017-05-01 11:09:47,"531A","Lat Pulldown",1,100.0,10,0.0,0
2017-05-01 11:09:47,"531A","Lat Pulldown",2,100.0,10,0.0,0
2017-05-01 11:09:47,"531A","Lat Pulldown",3,110.0,10,0.0,0
2017-05-01 11:09:47,"531A","Lat Pulldown",4,110.0,10,0.0,0
2017-05-01 11:09:47,"531A","Lat Pulldown",5,110.0,10,0.0,0
2017-05-02 15:53:28,"531B","Deadlift",1,225.0,5,0.0,0
2017-05-02 15:53:28,"531B","Deadlift",2,255.0,3,0.0,0
2017-05-02 15:53:28,"531B","Deadlift",3,285.0,6,0.0,0
2017-05-02 15:53:28,"531B","Hanging Leg Raise",1,0.0,8,0.0,0
2017-05-02 15:53:28,"531B","Hanging Leg Raise",2,0.0,8,0.0,0
2017-05-02 15:53:28,"531B","Hanging Leg Raise",3,0.0,8,0.0,0
2017-05-02 15:53:28,"531B","Clean",1,95.0,5,0.0,0
2017-05-02 15:53:28,"531B","Clean",2,115.0,5,0.0,0
2017-05-02 15:53:28,"531B","Clean",3,135.0,3,0.0,0
2017-05-02 15:53:28,"531B","Clean",4,95.0,5,0.0,0
2017-05-02 15:53:28,"531B","Clean",5,95.0,5,0.0,0
